Time,GyroX,GyroY,GyroZ,Accelerometer,HeelLeft,FrontLeft,HeelRight,FrontRight,DataType
1.54764E+12,-0.20457004,0.3496069,-0.011274827,8.831818,808,362,808,625,1
1.54764E+12,-0.24663247,0.30382693,-0.059707712,8.754398,793,374,818,625,1
1.54764E+12,-0.23544492,0.21600194,-0.069830626,8.579478,791,380,842,622,1
1.54764E+12,-0.31103513,0.16861627,-0.059184115,8.912905,792,386,872,611,1
1.54764E+12,-0.35416222,0.11805407,-0.04321435,8.838771,794,399,884,604,1
1.54764E+12,-0.29719466,0.085573494,-0.024050636,8.366155,794,416,893,598,1
1.54764E+12,-0.24130923,0.048310712,0.006806784,8.941759,789,431,900,594,1
1.54764E+12,-0.25834364,0.16648696,-0.007016223,8.517612,784,445,914,587,1
1.54764E+12,-0.22001621,-0.08634144,0.045675267,8.099537,789,457,914,589,1
1.54764E+12,-0.3722613,-0.008621926,0.010541788,7.6381836,784,472,909,580,1
1.54764E+12,-0.47924995,-0.39617229,0.023317598,8.7003565,794,482,897,553,1
1.54764E+12,-0.45743334,-0.38392007,0.07920304,8.685408,802,489,904,478,1
1.54764E+12,-0.5058662,-0.43821725,0.12445943,8.410983,807,495,908,319,1
1.54764E+12,-0.43294638,-0.48452085,0.17076302,8.391476,822,498,907,112,1
1.54764E+12,-0.24715607,-0.32801718,0.1452114,7.777785,833,503,892,37,1
1.54764E+12,-0.08906415,-0.20132373,0.1446878,7.6300526,837,496,862,25,1
1.54764E+12,0.11426671,-0.14489724,0.23570672,9.065281,842,471,864,28,1
1.54764E+12,0.11054915,0.06428047,0.23464206,8.745779,835,481,861,54,1
1.54764E+12,0.15685274,0.17287487,0.30757937,8.262668,821,487,868,133,1
1.54764E+12,-0.028902652,-0.22848105,0.38156387,7.3931894,819,491,864,188,1
1.54764E+12,-0.15240215,0.071733035,0.33258995,6.9585176,809,494,777,223,1
1.54764E+12,0.19891517,0.27773425,0.22773056,8.920632,790,499,773,246,1
1.54764E+12,0.09457939,0.31180307,0.12658873,8.542569,773,501,804,288,1
1.54764E+12,-0.1385617,0.25591764,0.18566813,9.039519,743,508,829,328,1
1.54764E+12,-0.21149899,0.33416075,0.12871803,8.571471,710,510,836,377,1
1.54764E+12,-0.26047292,0.19470893,0.029705504,8.403111,725,503,870,396,1
1.54764E+12,-0.3333928,0.20268509,-0.00275762,8.057369,748,497,886,398,1
1.54764E+12,-0.23650956,0.02008874,0.07016224,8.825132,793,484,901,382,1
1.54764E+12,-0.11459832,-0.114039816,0.10210176,9.53283,826,480,905,365,1
1.54764E+12,-0.6038141,1.0267248,-0.27317894,4.9933186,764,469,903,363,1
1.54764E+12,-0.6751457,-0.52712435,-0.013927727,6.0680947,680,469,904,358,1
1.54764E+12,-0.38610172,-0.39669588,0.27829275,11.342253,791,476,919,337,1
1.54764E+12,-0.53302354,0.0312763,-0.16990781,11.5636215,831,496,920,366,1
1.54764E+12,-0.16730726,0.003054326,-0.25295058,8.718667,861,503,920,390,1
1.54764E+12,-0.5324825,0.34906584,-0.291278,7.6951175,862,486,917,389,1
1.54764E+12,-0.7353072,-0.107651904,-0.012339477,4.7297645,849,479,919,383,1
1.54764E+12,-0.6517234,-0.54894096,0.19950859,8.009447,868,466,928,336,1
1.54764E+12,-0.4787089,-0.46270424,0.2101551,10.064783,889,472,929,310,1
1.54764E+12,-0.4025951,0.066409774,-0.0421497,10.996492,897,487,930,312,1
1.54764E+12,-0.3658559,-0.0368439,-0.1028348,7.3873096,895,492,933,343,1
1.54764E+12,-0.12737413,0.07119198,0.007871435,8.471883,896,457,937,367,1
1.54764E+12,0.02591814,0.020629792,-0.10177015,10.133401,897,412,945,353,1
1.54764E+12,0.033370696,-0.053878315,-0.14913839,9.3767185,894,389,952,342,1
1.54764E+12,0.09457939,-0.11510447,-0.16884315,8.51245,891,336,955,358,1
1.54764E+12,0.07169812,-0.06026622,-0.25347418,8.521347,893,319,957,387,1
1.54764E+12,0.07489208,-0.102852255,-0.29873055,7.1102047,886,369,956,436,1
1.54764E+12,0.25321236,-0.117757365,-0.20504127,8.198982,878,380,957,451,1
1.54764E+12,0.4235565,-0.17153096,-0.23963371,9.281295,880,367,957,431,1
1.54764E+12,0.7115533,-0.32909927,-0.2353751,9.541814,890,342,957,437,1
1.54764E+12,0.61306435,-0.40575415,-0.21568778,9.847974,890,301,957,441,1
1.54764E+12,0.7376285,-0.41959462,-0.24017476,8.540185,892,209,957,469,1
1.54764E+12,0.7557276,-0.57768655,-0.097511545,10.342684,893,128,958,487,1
1.54764E+12,0.5332155,-0.2960951,-0.17736036,9.109267,888,60,957,518,1
1.54764E+12,0.31976178,-0.32429963,-0.07621853,6.3029656,874,36,954,580,1
1.54764E+12,0.24150121,-0.48932052,0.13829988,7.2829027,836,3,950,636,1
1.54764E+12,0.19891517,-0.25935593,0.2724459,9.554263,808,0,946,666,1
1.54764E+12,0.05092871,-0.4217239,0.33632496,8.685925,799,0,941,687,1
1.54764E+12,0.2915398,-0.14330898,0.36027086,7.496236,786,28,931,695,1
1.54764E+12,0.3021863,-0.2247635,0.044610616,8.280749,804,108,911,697,1
1.54764E+12,0.37512362,-0.9008168,0.23570672,11.226038,871,107,879,691,1
1.54764E+12,0.3815115,-0.5579992,-0.008080875,9.927221,894,110,889,664,1
1.54764E+12,0.7897964,-0.5531995,0.043545965,10.088487,901,93,818,663,1
1.54764E+12,0.6583207,0.20268509,-0.12465142,9.233354,880,36,824,671,1
1.54764E+12,0.61041147,0.30967376,-0.2625324,6.856285,842,0,832,679,1
1.54764E+12,0.5736723,-0.394043,0.20217894,8.399128,746,0,847,691,1
1.54764E+12,0.25375342,0.59234726,0.07761479,10.142605,757,0,903,697,1
1.54764E+12,0.5853834,0.6721961,-0.30831242,6.8460374,739,0,912,698,1
1.54764E+12,0.8025722,0.17074557,-0.4190361,7.626404,762,0,923,703,1
1.54764E+12,0.6817431,-0.033649947,0.04886922,12.47766,742,0,936,706,1
1.54764E+12,0.33573154,0.016371189,0.004677482,12.697802,770,0,949,704,1
1.54764E+12,0.19200367,-0.11988667,-0.2785022,9.644342,805,0,950,703,1
1.54764E+12,0.12599532,-0.17578956,-0.20078267,9.157305,770,0,949,697,1
1.54764E+12,-0.06881833,-0.4552517,-0.20291197,11.137625,792,0,946,696,1
1.54764E+12,0.1094845,-0.50050807,-0.91622806,7.8667626,861,0,930,693,1
1.54764E+12,0.3325376,-0.8970818,-0.6729466,7.8273063,876,0,857,677,1
1.54764E+12,0.79672533,-1.1430161,-0.20450023,12.166988,910,3,792,660,1
1.54764E+12,0.24043655,-0.8182976,-0.50047314,10.760595,925,22,851,628,1
1.54764E+12,0.08234464,-0.20931734,-1.0077881,7.730303,927,72,858,544,1
1.54764E+12,1.1650945,-0.04590216,-1.226565,6.994919,923,75,836,481,1
1.54764E+12,1.5441102,-0.344528,-0.8848121,8.230615,919,55,793,546,1
1.54764E+12,1.0554355,-0.25137976,-0.44352308,10.31221,923,33,809,636,1
1.54764E+12,0.57314867,-0.27851963,-0.24549802,12.769014,923,31,865,660,1
1.54764E+12,0.6396981,-0.07145378,-0.58990383,11.281775,924,59,912,665,1
1.54764E+12,0.7781027,0.26869345,-1.0152406,10.543777,920,54,939,662,1
1.54764E+12,0.8637984,0.06480408,-0.6830695,9.7000885,900,5,951,669,1
1.54764E+12,0.65725607,0.19256218,-0.59044486,12.134398,897,0,958,673,1
1.54764E+12,0.6593854,-0.049619712,-0.5792573,11.045793,892,9,956,685,1
1.54764E+12,0.572084,0.13720033,-0.73043776,10.008356,900,22,956,691,1
1.54764E+12,0.67909014,-0.0389732,-0.4972792,9.548066,909,38,955,697,1
1.54764E+12,0.23671901,0.12016592,-0.030962141,12.832317,908,80,959,688,1
1.54764E+12,0.1755103,0.32086134,-0.11400491,12.0778,897,76,958,689,1
1.54764E+12,0.5130046,0.42678535,-0.27157325,9.975164,893,52,957,696,1
1.54764E+12,0.32456142,0.33096677,-0.358351,11.395596,864,28,955,700,1
1.54764E+12,0.37192968,0.1702045,-0.3540924,11.665269,871,87,952,710,1
1.54764E+12,0.5444031,0.30115655,-0.56702256,12.332667,888,163,952,712,1
1.54764E+12,0.58646554,0.4017748,-0.46375144,14.729502,904,220,953,715,1
1.54764E+12,0.54386204,0.43104395,-0.7346963,11.804047,906,288,954,714,1
1.54764E+12,0.550791,0.45446628,-0.41051888,11.4104395,911,282,957,714,1
1.54764E+12,0.5582436,0.34480724,0.11061897,18.30234,931,232,962,701,1
1.54764E+12,0.0397586,0.57531285,-0.08580039,15.499296,925,286,965,689,1
1.54764E+12,0.6343574,0.44275513,-0.07035422,11.228146,932,249,964,707,1
1.54764E+12,0.4182507,0.5423087,0.4198913,15.865877,927,234,963,703,1
1.54764E+12,0.688131,0.57903045,0.34323645,13.100775,930,218,961,694,1
1.54764E+12,0.42038,0.03286455,0.025446901,9.741691,919,234,960,663,1
1.54764E+12,-0.80768603,0.015306537,-0.47652724,-0.86817586,734,317,957,570,1
1.54764E+12,-0.29558897,0.11964232,-1.385198,-3.8484397,449,303,942,340,1
1.54764E+12,1.8640466,-0.5159368,0.27403414,4.513999,468,304,929,79,1
1.54764E+12,1.849665,-0.028867746,0.16969836,3.2913952,354,252,847,37,1
1.54764E+12,0.69451886,0.41987386,-0.02989749,0.6614222,343,126,887,37,1
1.54764E+12,0.43422046,0.5971295,-0.11294025,-0.015217546,466,40,862,57,1
1.54764E+12,-0.04379031,0.32457888,0.65678483,1.4607695,703,50,856,107,1
1.54764E+12,-0.005462881,-0.3567802,1.000126,2.7769196,760,192,796,161,1
1.54764E+12,0.8957379,-0.31525883,1.4472793,8.583156,872,457,910,206,1
1.54764E+12,-0.52075386,-0.905599,0.8532042,12.49893,888,535,903,202,1
1.54764E+12,-1.0115579,0.7690793,0.048328165,3.4224827,907,539,900,26,1
1.54764E+12,-0.8151386,0.47256535,0.48802897,4.5382094,924,560,934,25,1
1.54764E+12,-0.36637953,0.53325045,0.8888787,5.854867,918,602,942,77,1
1.54764E+12,-0.990806,0.2889218,0.7696378,5.907243,914,593,939,95,1
1.54764E+12,-0.9077632,0.63758624,0.28893927,7.610602,916,595,956,31,1
1.54764E+12,-0.36479127,0.56040776,0.49176398,5.9827175,907,600,962,44,1
1.54764E+12,-0.4249353,-0.13852678,0.5806536,9.54687,904,522,965,121,1
1.54764E+12,-0.6868394,0.14039429,0.086132,7.583337,914,526,965,108,1
1.54764E+12,-0.8997696,0.04511676,-0.03415609,2.7647953,928,553,965,97,1
1.54764E+12,-1.3080719,0.1010022,0.39540434,3.4704719,927,618,954,59,1
1.54764E+12,-1.0355213,0.2718874,0.7520624,0.90568817,897,670,938,71,1
1.54764E+12,-0.056042522,-0.4030838,0.6445326,4.5788245,877,708,940,41,1
1.54764E+12,0.52204543,-0.8369377,0.44224897,4.7720556,855,726,940,30,1
1.54764E+12,-0.8965756,0.96869266,0.46673596,5.405973,820,730,942,49,1
1.54764E+12,-1.0078229,0.6625968,0.5465848,0.19651608,726,735,926,107,1
1.54764E+12,0.14357078,-0.68575734,1.0507057,6.418127,766,736,939,164,1
1.54764E+12,-0.8390845,0.21704915,0.23305382,5.2360325,810,734,931,56,1
1.54764E+12,-1.0727667,0.5167396,0.43533748,1.6771,841,733,946,37,1
1.54764E+12,-0.84388417,0.2873161,0.53167963,4.364342,845,727,948,80,1
1.54764E+12,-0.8646361,0.23727751,0.5322207,3.7692971,875,723,951,123,1
1.54764E+12,-0.86409503,0.038187806,0.22506021,2.039333,893,722,953,77,1
1.54764E+12,-0.606467,0.014765485,0.13829988,3.816865,911,725,950,74,1
1.54764E+12,-1.048297,0.65249133,0.19685568,1.9995319,915,732,948,51,1
1.54764E+12,-1.1137644,0.5215393,0.023317598,1.0063788,916,738,942,28,1
1.54764E+12,-0.17954202,0.15423475,0.20004964,3.8966877,914,743,941,35,1
1.54764E+12,-0.33923966,-0.002251475,0.21334904,1.7176481,906,746,945,35,1
1.54764E+12,-0.736878,0.66526717,0.467277,0.98558754,904,743,945,57,1
1.54764E+12,-0.43612286,0.35758305,0.26073474,3.293368,910,741,941,54,1
1.54764E+12,-0.10660471,-0.09967575,0.16331045,2.0913258,898,744,944,57,1
1.54764E+12,0.39802232,-0.19228293,0.122853726,4.024653,879,739,948,90,1
1.54764E+12,-1.1435746,0.9202598,0.23038346,2.580442,815,743,932,144,1
1.54764E+12,-0.43399358,0.36131805,0.36985272,0.3489214,823,743,926,283,1
1.54764E+12,-0.7901105,-0.30141836,0.36665878,2.9554026,863,732,903,381,1
1.54764E+12,-1.5247196,0.22769566,0.2772281,-2.549078,892,734,897,419,1
1.54764E+12,-1.5247196,0.22769566,0.2772281,-2.549078,876,709,897,419,1
1.54764E+12,-1.5247196,0.22769566,0.2772281,-2.549078,897,692,897,419,1
1.54764E+12,-0.46219808,-1.3224186,0.67221355,4.111189,921,696,927,207,1
1.54764E+12,-1.2771796,-0.31367058,0.002024582,6.298982,923,707,936,33,1
1.54764E+12,-1.7930117,-0.028867746,-0.020856684,3.0897362,921,647,950,43,1
1.54764E+12,-0.035273105,-0.679893,0.5561666,1.9513893,922,579,952,72,1
1.54764E+12,-0.6282836,-1.6253204,0.30490902,5.353799,930,587,960,30,1
1.54764E+12,-0.6655464,-1.181361,0.2745752,7.316872,895,547,961,21,1
1.54764E+12,-2.5829825,1.7831506,-0.43394122,3.284701,858,390,959,34,1
1.54764E+12,-1.9170521,1.9077147,-0.57873374,3.5858054,672,242,946,82,1
1.54764E+12,-0.95939004,1.7709157,-0.7187266,0.9091359,563,194,926,104,1
1.54764E+12,-0.96630156,1.4584321,-0.4648161,-1.6025349,344,220,892,111,1
1.54764E+12,-1.5566591,0.48321185,-0.18907152,3.0857813,327,363,865,103,1
1.54764E+12,0.6615147,0.6168168,0.8313876,11.508027,397,391,882,213,1
1.54764E+12,0.96815157,-0.38074356,-0.13742723,4.0999556,624,270,881,295,1
1.54764E+12,0.7525511,-0.30620056,-0.61280257,1.157405,731,109,875,299,1
1.54764E+12,0.2995334,-0.4509931,-0.5388006,5.4913507,846,70,793,410,1
1.54764E+12,1.478643,-0.980142,2.2803774,13.117142,925,237,841,523,1
1.54764E+12,0.8675333,-2.2662401,1.5196756,23.691143,931,293,897,582,1
1.54764E+12,0.7057064,-0.80819213,0.003612832,9.442636,927,196,899,535,1
1.54764E+12,0.7850142,-0.9721484,-0.56115824,9.899497,922,181,894,533,1
1.54764E+12,1.1108148,-0.26947883,-0.30937707,10.127598,900,113,906,562,1
1.54764E+12,0.75201,-0.6085614,-0.425424,10.092748,841,0,916,615,1
1.54764E+12,0.74988073,0.07012733,-0.7581187,8.381832,825,0,919,655,1
1.54764E+12,0.43687338,-0.54042375,-0.03415609,13.306054,819,0,932,691,1
1.54764E+12,0.18880972,-0.18271852,0.18779743,17.347065,872,0,944,722,1
1.54764E+12,0.7195469,-0.47973865,-1.1392636,9.221162,850,0,948,716,1
1.54764E+12,0.575819,0.054681167,-1.2116599,12.784519,832,0,961,712,1
1.54764E+12,0.28677505,-0.12842132,-1.2856619,9.086915,811,0,964,704,1
1.54764E+12,0.6593854,0.09407324,-1.2286943,12.763106,807,0,967,709,1
1.54764E+12,0.34211943,-0.119904116,-0.9114284,12.619675,877,0,964,705,1
1.54764E+12,0.42996186,-0.24818581,-0.9843657,13.525601,875,0,964,697,1
1.54764E+12,0.5369505,-0.09061749,-1.0647382,13.437754,893,0,965,695,1
1.54764E+12,0.5518557,-0.30993557,-1.1472573,11.180319,890,0,966,702,1
1.54764E+12,0.7509454,-0.2998301,-0.894394,12.71143,897,0,966,704,1
1.54764E+12,0.5901831,-0.48295006,-0.6516536,13.619876,902,0,965,698,1
1.54764E+12,0.5209808,0.16540486,-1.6055807,10.581681,907,0,963,698,1
1.54764E+12,0.81749475,0.12601277,-1.1392636,8.686183,891,0,964,697,1
1.54764E+12,0.4134685,-0.32538173,-0.71340334,15.940068,896,0,968,700,1
1.54764E+12,0.2250253,0.49864057,-0.28808406,20.284252,907,0,967,699,1
1.54764E+12,0.14091788,0.41027454,-1.0093763,15.125283,927,0,966,701,1
1.54764E+12,0.5774247,1.0937804,-1.5571479,11.087663,933,9,967,701,1
1.54764E+12,0.37514105,0.8718094,-1.3346359,11.560441,927,73,964,716,1
1.54764E+12,0.45551348,0.424115,-1.0823135,15.9889765,938,109,961,732,1
1.54764E+12,0.956964,0.9697573,-0.12625712,19.256258,940,122,955,735,1
1.54764E+12,0.0993965,0.854775,-0.08525933,18.858553,946,179,960,733,1
1.54764E+12,0.0365821,0.7791848,-0.23911011,19.39985,944,252,960,730,1
1.54764E+12,1.2226031,0.37674677,-0.24602161,15.716431,946,271,962,726,1
1.54764E+12,1.5079122,0.71530575,-0.24975662,17.064768,945,209,962,727,1
1.54764E+12,1.140084,0.20266764,0.31023228,14.816192,942,237,964,727,1
1.54764E+12,0.9484468,-0.20081758,0.5599016,13.654352,939,235,962,719,1
1.54764E+12,1.366331,0.014765485,0.22293091,5.234041,924,227,958,692,1
1.54764E+12,1.7064782,0.04244641,0.22399555,4.0765114,890,197,951,619,1
1.54764E+12,0.8627511,-0.2833193,0.14362314,-4.201173,841,28,903,339,1
1.54764E+12,0.086079635,0.017418386,0.061645027,3.0684185,797,0,919,119,1
1.54764E+12,1.1422132,0.7009242,-0.40146065,0.5232959,784,0,896,19,1
1.54764E+12,1.3535377,0.95963436,-0.32267648,0.06373365,775,0,896,5,1
1.54764E+12,1.0900453,1.1496832,-0.14861478,0.09753019,802,0,881,9,1
1.54764E+12,1.5356104,0.3676885,0.48857,2.1127682,824,80,910,17,1
1.54764E+12,0.50235814,0.49544662,0.333131,6.4898667,809,66,872,5,1
1.54764E+12,0.5215218,1.1076208,0.012130038,0.76849085,618,81,854,17,1
1.54764E+12,0.48799405,0.57157785,0.30490902,0.68013525,751,326,921,92,1
1.54764E+12,0.5305801,-0.3088709,1.1097851,6.859991,779,498,917,252,1
1.54764E+12,-1.1579387,1.3072516,0.047263514,4.032688,766,517,854,347,1
1.54764E+12,-1.484263,1.2529544,0.15214035,3.5771194,854,567,903,345,1
1.54764E+12,-0.30089477,0.030735249,1.201345,6.3476515,887,603,949,428,1
1.54764E+12,-1.0099522,0.49544662,0.90165454,11.126296,929,602,955,417,1
1.54764E+12,-1.446459,0.5571964,0.4970872,9.93949,940,578,966,210,1
1.54764E+12,-1.5832754,0.9809274,0.26445228,6.2881503,937,555,968,141,1
1.54764E+12,-0.9088104,-0.017156586,0.29532716,6.118976,942,604,968,76,1
1.54764E+12,-0.83801985,-0.008115781,0.3586826,4.1156807,942,653,966,87,1
1.54764E+12,-0.99132955,0.15688765,0.51038665,5.23565,943,647,965,63,1
1.54764E+12,-0.9886592,-0.024085544,0.30171508,6.307735,938,679,967,59,1
1.54764E+12,-0.6032556,-0.090093896,0.3027797,4.450534,940,687,967,103,1
1.54764E+12,-0.8779355,0.18030997,0.26818728,6.4753003,940,679,967,155,1
1.54764E+12,-1.1776434,0.45392522,-0.1007055,6.5797834,942,679,967,44,1
1.54764E+12,-1.5028856,1.1592652,-0.060772363,1.3381672,940,672,964,2,1
1.54764E+12,-0.38926077,0.10791371,0.3794346,1.582711,930,704,955,14,1
1.54764E+12,-0.63627726,0.2787989,0.39327505,5.8901577,935,710,962,25,1
1.54764E+12,-0.6176371,0.38898152,0.16224581,2.5262563,932,714,958,17,1
1.54764E+12,-0.71984357,0.33468434,0.27296948,4.469266,924,717,960,46,1
1.54764E+12,-0.8470606,0.6125582,0.096778505,4.9230533,934,719,956,160,1
1.54764E+12,-1.7536196,1.0341599,0.03609341,5.84892,918,718,953,253,1
1.54764E+12,-0.8337612,0.9505936,0.23570672,3.053881,906,724,953,253,1
1.54764E+12,-0.114057265,-0.052831117,0.6605024,2.8080347,927,728,954,335,1
1.54764E+12,0.113236964,-0.31206486,-0.07515388,3.6336226,911,735,959,227,1
1.54764E+12,0.441673,-1.4107845,0.16011651,7.079827,927,689,966,180,1
1.54764E+12,-1.5736935,0.6823016,0.13562953,5.570742,923,674,967,238,1
1.54764E+12,-1.7472316,0.50982815,-0.20823523,0.93434197,895,667,963,282,1
1.54764E+12,-0.06721263,-2.272087,0.7978424,9.011306,929,678,963,347,1
1.54764E+12,-1.0174048,-1.1185466,0.19205603,6.726577,910,676,965,277,1
1.54764E+12,-1.8749897,-1.1041651,0.34484217,4.431131,889,570,965,250,1
1.54764E+12,-3.117961,-0.29715976,0.028640853,6.6195364,819,458,965,223,1
1.54764E+12,-2.8486042,1.9838285,-0.7293731,1.0096923,805,341,960,255,1
1.54764E+12,-1.0035644,0.23621286,-0.045867253,-0.49133807,768,129,950,211,1
1.54764E+12,-1.1590034,-0.19975293,0.5194449,1.0890075,702,14,918,154,1
1.54764E+12,-0.6043202,0.3719471,0.79145443,-1.8210586,682,0,820,107,1
1.54764E+12,-0.7629532,0.12655382,0.7201229,-2.2244813,550,0,715,86,1
1.54764E+12,-0.99824107,0.64929736,0.5503198,1.822926,552,12,710,127,1
1.54764E+12,-0.41109484,0.18936822,0.5146452,4.3739285,608,74,824,314,1
1.54764E+12,-0.0986111,-0.44781658,0.64720297,9.264056,737,151,871,504,1
1.54764E+12,0.4656364,-0.42439425,-0.111352004,7.08519,642,73,871,561,1
1.54764E+12,0.5556081,-1.1446218,0.01160644,8.9601755,799,117,867,634,1
1.54764E+12,0.9665459,-0.8853881,0.95595175,15.776401,861,216,895,690,1
1.54764E+12,0.1648638,-0.96895444,-0.4403291,10.247068,744,56,895,707,1
1.54764E+12,0.24151866,-1.5933809,-0.7634419,13.491585,811,0,941,732,1
1.54764E+12,0.45392522,-1.0940596,-0.88215923,16.33539,866,0,953,745,1
1.54764E+12,0.13079497,-0.6059085,-1.7019404,8.584918,878,0,951,743,1
1.54764E+12,0.06798057,-0.34135148,-1.2664982,9.975633,876,0,961,743,1
1.54764E+12,0.4784122,-1.534284,-1.0397276,13.617807,897,4,956,747,1
1.54764E+12,0.67909014,-0.71291465,-1.2366879,12.976219,916,26,953,746,1
1.54764E+12,0.2819754,-0.2790607,-1.7498497,11.207086,917,2,954,749,1
1.54764E+12,0.50609314,-0.7304726,-1.4182022,12.958291,927,16,955,752,1
1.54764E+12,0.3639535,-0.19442968,-1.3186661,12.281422,915,0,958,750,1
1.54764E+12,0.4895823,-0.2955715,-1.5459603,14.424691,918,0,962,748,1
1.54764E+12,0.1707281,-0.123098075,-1.36764,10.364605,930,0,966,749,1
1.54764E+12,0.26174703,-0.13959143,-1.3793511,13.737048,933,0,964,749,1
1.54764E+12,0.9937032,-0.18750072,-1.0338632,12.839788,935,0,958,753,1
1.54764E+12,-0.048048913,0.08555604,-1.2526577,11.351159,941,26,951,747,1
1.54764E+12,0.5625196,0.14039429,-1.2925733,14.064978,939,56,959,744,1
1.54764E+12,0.58700657,0.4049513,-1.6689361,12.333032,940,63,963,741,1
1.54764E+12,0.27186993,0.015830137,-0.9178163,13.355777,942,66,962,745,1
1.54764E+12,1.1752174,-0.4025602,-1.117447,15.804643,944,106,958,743,1
1.54764E+12,0.18722147,1.1475539,-1.6502961,13.4346695,946,138,947,749,1
1.54764E+12,0.21704915,1.3833654,-1.0221521,23.479391,947,234,954,750,1
1.54764E+12,0.37885863,1.9593415,-1.3154721,18.046083,950,214,965,743,1
1.54764E+12,0.1776396,1.9284667,-0.67774624,21.34741,951,95,964,747,1
1.54764E+12,0.04457571,1.6026835,-1.0189581,19.185362,949,191,967,751,1
1.54764E+12,0.9202423,1.3162924,-0.91036373,15.254072,946,221,966,753,1
1.54764E+12,1.2492194,0.6029763,-0.49195597,16.662207,950,202,967,748,1
1.54764E+12,1.4882423,0.4741536,0.38210493,20.829594,950,190,970,723,1
1.54764E+12,0.74883354,0.42997932,0.5194449,13.863692,947,256,967,696,1
1.54764E+12,-0.2993065,0.6455624,-0.9284628,2.9361436,910,315,963,647,1
1.54764E+12,0.7983485,0.7972838,-1.3777455,0.58866715,877,340,922,433,1
1.54764E+12,2.314935,0.2920983,-0.0400204,0.68472254,829,418,911,159,1
1.54764E+12,1.6234355,0.31977922,0.5045398,2.9992166,567,376,922,30,1
1.54764E+12,-0.20029399,0.29263934,-0.48717377,-0.8744869,487,210,899,0,1
1.54764E+12,1.2832882,1.2066333,-0.31309462,1.4129717,616,300,896,0,1
1.54764E+12,1.8714991,1.4227575,0.1537286,8.913843,707,393,884,0,1
1.54764E+12,0.15104079,0.6737844,-0.12997466,-2.1120977,533,381,893,0,1
1.54764E+12,0.72169363,1.1853404,0.5162509,3.9385288,798,387,873,36,1
1.54764E+12,-0.687363,0.85371035,0.35655332,3.0510652,744,397,903,77,1
1.54764E+12,-0.17578956,0.27773425,0.5721364,4.0334735,814,428,921,118,1
1.54764E+12,0.84997535,0.8073893,0.79358375,7.4942536,864,514,932,102,1
1.54764E+12,-0.1555612,-0.41481242,0.87449723,10.767358,904,580,944,85,1
1.54764E+12,-0.44675192,0.14091788,0.43586108,5.694886,909,584,949,60,1
1.54764E+12,-0.415336,-0.5409648,0.5039987,7.9193487,929,581,958,56,1
1.54764E+12,-0.5415059,0.015289084,0.417762,4.9326205,934,612,959,34,1
1.54764E+12,-0.87739444,-0.4776268,0.664761,9.036655,937,642,961,39,1
1.54764E+12,-0.99237674,0.41453314,0.16278686,2.0337977,937,687,960,3,1
1.54764E+12,-0.6208136,0.25111797,0.42947316,2.6104267,932,706,958,2,1
1.54764E+12,-0.56758106,0.21331415,0.64666194,0.7619307,922,723,950,33,1
1.54764E+12,-1.0743723,0.6897541,0.72598714,2.2768283,925,697,952,22,1
1.54764E+12,-0.31473523,0.2787989,0.45450118,0.10249099,933,669,957,1,1
1.54764E+12,-1.7530785,1.4142402,0.32354912,3.1900246,936,648,954,0,1
1.54764E+12,-0.6995978,0.5609314,0.30810297,-0.5119761,941,655,956,2,1
1.54764E+12,-0.35358626,0.50928706,0.5875825,1.4351898,915,679,948,11,1
1.54764E+12,-1.6151975,1.0751578,0.80370665,1.3937415,917,676,955,25,1
1.54764E+12,-1.6136092,0.96815157,0.57426566,2.6917148,924,675,954,7,1
1.54764E+12,-0.6096435,0.42624432,0.42308527,2.091182,940,672,963,9,1
1.54764E+12,-0.39777797,0.37994072,0.3836932,1.3765893,942,656,965,19,1
1.54764E+12,-1.5358897,0.7445749,0.4614127,3.4731057,937,630,965,53,1
1.54764E+12,-0.708115,0.78929025,0.03981096,1.6599287,936,652,964,37,1
1.54764E+12,0.0339292,-0.6495592,0.6605024,1.6597563,947,677,962,23,1
1.54764E+12,-0.3738146,0.15688765,0.056845374,4.4923844,933,680,966,21,1
1.54764E+12,-0.7155675,0.10206685,0.28468066,5.875658,943,680,965,47,1
1.54764E+12,-1.2281882,0.43902013,0.6195221,1.7727052,926,688,967,123,1
1.54764E+12,-1.4267718,0.3458719,0.39433968,4.6407003,915,684,967,203,1
1.54764E+12,-0.90614,-0.81883866,0.13617058,3.107233,939,674,969,154,1
1.54764E+12,-1.159527,-0.7629532,0.48963466,3.6031492,928,659,969,149,1
1.54764E+12,-1.9079765,-1.1935958,0.77016145,2.7393978,926,584,969,100,1
1.54764E+12,-2.4823644,-1.1872078,0.53754395,7.033494,907,542,968,101,1
1.54764E+12,-2.0719328,0.1031315,-0.17629571,2.8985834,907,500,966,107,1
1.54764E+12,-1.802035,-1.0376332,0.5913001,2.6424708,875,379,961,69,1
1.54764E+12,-1.1201348,2.232957,0.8574628,3.4823282,878,188,941,44,1
1.54764E+12,-0.7879638,-0.6932099,0.80848885,-0.21135056,753,117,923,40,1
1.54764E+12,-1.0466739,-0.1587726,0.44917792,4.079423,725,38,923,39,1
1.54764E+12,-1.3176364,0.0935322,-0.57341045,-0.34700602,568,16,882,35,1
1.54764E+12,-1.4661463,1.0176492,-0.7288495,3.0441413,659,71,863,47,1
1.54764E+12,-0.7975457,-0.33976325,-0.59896207,3.6306345,815,200,892,212,1
1.54764E+12,-0.3003537,-1.4693577,-0.07728318,13.461141,816,277,925,527,1
1.54764E+12,0.49970523,0.11697197,-0.5845806,5.7386236,877,185,818,538,1
1.54764E+12,0.13932963,-0.99291784,-0.12306316,11.514923,910,238,902,606,1
1.54764E+12,0.6764547,-0.92425656,-0.3737797,16.189123,920,209,921,672,1
1.54764E+12,0.44753733,-0.27694884,-0.5164429,17.556702,923,104,934,684,1
1.54764E+12,0.36023596,0.2942276,-1.9393575,14.032589,920,78,934,696,1
1.54764E+12,0.53803265,-0.26628488,-1.4219372,12.284514,916,129,948,713,1
1.54764E+12,0.7046592,-0.67352253,-0.9726545,17.667599,921,130,952,726,1
1.54764E+12,0.9484643,-0.40097195,-1.0216285,15.287629,925,115,947,731,1
1.54764E+12,0.4001691,-0.74645984,-1.032275,18.209322,935,168,958,736,1
1.54764E+12,0.40975094,-0.0310145,-1.4373659,17.741907,928,128,963,740,1
1.54764E+12,0.27399924,-0.24340361,-1.8866485,10.30632,925,116,964,727,1
1.54764E+12,0.7461806,-1.0876718,-1.0450507,15.464283,929,118,969,717,1
1.54764E+12,0.8627511,-0.86144215,-0.91462237,16.528763,935,133,967,722,1
1.54764E+12,0.78237873,-1.7706366,-1.0706024,15.292034,945,239,958,731,1
1.54764E+12,1.0214015,-1.5018209,-1.0865722,16.208208,947,274,956,733,1
1.54764E+12,-0.07677703,0.5050285,-1.1898433,14.793025,948,284,952,732,1
1.54764E+12,-0.13852678,0.46296602,-0.7363021,14.67546,945,279,961,720,1
1.54764E+12,0.42039746,0.18243927,-0.9454972,12.893398,934,235,964,707,1
1.54764E+12,0.39432225,1.0288367,-1.3026963,9.592963,931,168,962,704,1
1.54764E+12,0.56518996,0.21437879,-0.8741656,12.996464,930,213,964,707,1
1.54764E+12,0.30435053,0.7967428,-0.99394757,13.384295,928,158,961,716,1
1.54764E+12,0.477365,0.7206115,-1.0897661,14.031343,935,228,954,724,1
1.54764E+12,0.57051325,1.0389421,-1.2116599,14.12467,937,248,961,728,1
1.54764E+12,0.5470909,1.0671641,-0.9465619,20.901726,943,248,963,732,1
1.54764E+12,0.25698227,1.4344686,-0.5600936,19.191547,943,291,965,735,1
1.54764E+12,0.6839073,1.5989485,-0.84648466,18.833364,948,308,966,732,1
1.54764E+12,0.9085486,1.454697,-0.15606734,18.590181,948,294,968,726,1
1.54764E+12,0.15636405,0.8270766,-0.07887143,17.153238,947,322,969,692,1
1.54764E+12,0.59767056,0.4225093,-0.11561061,11.596508,947,312,967,668,1
1.54764E+12,0.1590344,0.7025125,-0.24869196,9.137183,940,305,965,632,1
1.54764E+12,0.39484584,0.8845678,-1.1499102,2.1677773,931,293,954,526,1
1.54764E+12,0.51356316,0.4283736,-0.65910614,5.3423834,904,238,950,432,1
1.54764E+12,0.5609314,0.353307,-0.6729466,1.3154223,836,250,935,234,1
1.54764E+12,0.011571533,0.9207659,-0.90610516,-1.0720181,719,174,852,83,1
1.54764E+12,-0.45366344,0.94792324,-0.70862114,-1.0595778,613,142,820,31,1
1.54764E+12,1.8704519,0.020071287,0.015323991,1.4539412,805,208,784,1,1
1.54764E+12,1.8624758,0.09407324,0.96446896,4.262196,775,228,893,5,1
1.54764E+12,0.6945538,-0.08157669,0.62643355,4.267071,554,105,888,0,1
1.54764E+12,0.410292,0.8137772,0.43905503,2.918331,751,191,885,0,1
1.54764E+12,1.5915134,0.85849255,1.2774763,6.9948134,825,329,904,22,1
1.54764E+12,0.8324173,0.4853237,0.71746993,2.7485244,863,389,888,42,1
1.54764E+12,0.012112585,-0.34454545,1.0272833,6.661435,884,465,938,41,1
1.54764E+12,0.08290314,0.8366585,-0.021380283,4.794389,890,532,940,36,1
1.54764E+12,-0.19069467,0.1648638,0.29586822,3.8919952,909,572,943,10,1
1.54764E+12,0.73021084,-0.6740636,0.5146452,5.209199,929,580,954,39,1
1.54764E+12,-0.8513018,0.48799405,0.78241366,6.079175,935,557,955,31,1
1.54764E+12,-0.58939767,0.36714745,0.45769513,2.9466302,928,589,956,6,1
1.54764E+12,0.44010222,-0.35945055,0.5503198,3.6093547,922,604,962,24,1
1.54764E+12,-0.5026374,0.07384488,0.5279621,3.1584978,926,583,962,22,1
1.54764E+12,-0.8262912,0.27186993,0.52689743,1.2608153,930,564,962,0,1
1.54764E+12,-0.96043724,0.4619014,0.73024577,1.883758,934,537,961,0,1
1.54764E+12,-0.028867746,-0.0315381,0.75632095,-0.16258545,932,603,961,0,1
1.54764E+12,-0.07038913,-0.29024825,0.77654934,2.4466155,927,644,962,0,1
1.54764E+12,-0.04642576,-0.5553463,0.7573856,-1.6686053,929,667,963,0,1
1.54764E+12,-1.2404404,0.8771152,0.2117608,2.6045182,932,662,962,0,1
1.54764E+12,-1.94311,1.8895981,0.5013458,-1.4965006,930,647,961,0,1
1.54764E+12,-0.44834018,1.009673,0.6919183,0.6348274,893,711,948,0,1
1.54764E+12,0.6727372,-0.8518603,0.46354198,3.83735,855,721,949,0,1
1.54764E+12,-0.97534233,0.9686752,0.058974676,4.564564,840,713,955,10,1
1.54764E+12,-1.4427241,0.75415677,0.62004566,0.7438593,880,702,956,21,1
1.54764E+12,-0.8518428,0.4012163,0.42682028,1.4682585,886,709,954,38,1
1.54764E+12,-1.0722256,0.5811423,-0.09538224,1.8773223,906,712,959,59,1
1.54764E+12,-1.5145793,1.0320306,0.043545965,1.6719668,915,711,960,57,1
1.54764E+12,-0.84597856,0.4741536,0.4736649,2.2143877,929,703,964,46,1
1.54764E+12,-1.1877315,0.19680333,0.23624776,3.7882593,940,690,967,41,1
1.54764E+12,-1.2201946,-0.09276425,0.25434682,4.529782,944,675,968,14,1
1.54764E+12,-1.7791537,0.18030997,0.2878746,4.7042327,945,660,969,0,1
1.54764E+12,-1.4528295,-0.47443286,0.10423106,4.809721,946,645,969,2,1
1.54764E+12,-2.1597576,-0.39406043,0.13456489,6.8466125,946,597,969,10,1
1.54764E+12,-3.088133,-0.22743386,-0.3524867,6.1433682,936,523,967,17,1
1.54764E+12,-2.7559621,-0.43717006,-0.24443336,1.779409,925,478,967,20,1
1.54764E+12,-2.2066023,0.32243213,0.48802897,9.180624,928,505,965,13,1
1.54764E+12,-1.2824854,2.2127285,-0.3839026,-0.30849767,783,383,957,17,1
1.54764E+12,-1.8973125,0.113236964,-0.021380283,-0.33525527,589,331,948,19,1
1.54764E+12,-1.2260588,-0.154514,0.4007276,1.6592296,652,363,934,34,1
1.54764E+12,-0.35836846,-0.42439425,0.78880155,1.1457405,659,377,897,42,1
1.54764E+12,-0.07888888,-0.61709607,0.6780779,4.5392246,718,254,883,73,1
1.54764E+12,-0.014486233,-0.3956487,0.31609657,5.267129,689,234,894,145,1
1.54764E+12,-0.009686577,-0.41161844,0.028640853,4.0952053,709,325,886,283,1
1.54764E+12,-0.06558947,-1.0520147,0.42894956,14.318782,793,384,893,474,1
1.54764E+12,0.16009904,-1.0365685,-0.18959512,11.7659025,801,377,844,568,1
1.54764E+12,0.059498273,-0.77520543,-0.7698298,13.197481,858,317,900,616,1
1.54764E+12,0.770685,-0.8018217,-0.5531821,14.886198,895,273,933,664,1
1.54764E+12,0.52581537,-1.2250117,-0.2225993,18.558912,908,147,959,682,1
1.54764E+12,0.26497588,-0.7182379,-0.8544783,13.811258,916,38,961,685,1
1.54764E+12,0.1590344,-0.34880406,-0.9258099,13.76665,923,83,960,690,1
1.54764E+12,0.3496069,-0.34082788,-1.3889331,13.6209,922,76,955,699,1
1.54764E+12,0.2889218,0.019006636,-1.727492,9.978506,914,24,953,694,1
1.54764E+12,0.40657446,-0.075188786,-1.6343263,7.824979,925,75,951,698,1
1.54764E+12,0.593953,-1.2494986,-0.24176301,11.690054,925,105,954,711,1
1.54764E+12,2.0173912,-3.8552403,0.36400586,19.003708,941,122,956,727,1
1.54764E+12,-0.041102502,0.9415353,-1.8674848,11.211577,933,140,950,718,1
1.54764E+12,0.39964548,-0.150779,-1.2872502,10.453727,942,301,955,703,1
1.54764E+12,0.69348913,0.011030481,-0.87735957,14.46862,917,188,960,714,1
1.54764E+12,0.45661303,0.67909014,-1.1163824,13.131459,923,0,960,721,1
1.54764E+12,0.29159215,0.88830274,-1.346347,10.015626,914,0,963,715,1
1.54764E+12,0.13402383,0.5763601,-1.3080195,8.354241,890,0,965,720,1
1.54764E+12,0.11006046,0.22661355,-0.69690996,11.106165,887,0,960,733,1
1.54764E+12,0.26178193,0.04829326,-0.8576723,12.132771,919,0,956,735,1
1.54764E+12,0.4880115,-0.05602507,-0.8757713,12.184657,923,0,956,735,1
1.54764E+12,0.4268028,0.1047023,-0.74534285,16.071377,927,0,953,739,1
1.54764E+12,0.78346086,0.032306045,-1.031734,14.378896,934,26,951,741,1
1.54764E+12,0.62641615,0.8574279,-0.894394,16.24417,934,49,957,741,1
1.54764E+12,0.51836276,0.9926385,-0.5579643,19.897808,938,71,960,741,1
1.54764E+12,0.1585108,1.7203187,-0.6953043,18.411047,936,111,964,739,1
1.54764E+12,0.50665164,1.3785658,-1.0407922,13.442111,938,186,967,732,1
1.54764E+12,0.63812727,1.2561309,-0.6399424,16.681572,942,220,968,732,1
1.54764E+12,0.70893526,0.45605454,-0.52921873,18.093653,946,229,967,736,1
1.54764E+12,0.8883377,0.5113989,-0.38762018,14.913885,945,296,965,731,1
1.54764E+12,0.0983493,0.33733723,-0.099640846,11.9824915,941,333,966,702,1
1.54764E+12,0.007853982,0.25961772,-0.39826667,7.429524,931,344,964,657,1
1.54764E+12,0.4198913,0.45497242,-0.47652724,3.6524982,921,348,959,594,1
1.54764E+12,0.62961006,0.3596949,-0.577128,2.417301,876,353,942,362,1
1.54764E+12,0.7935663,0.508746,-0.67401123,0.18982188,850,342,929,247,1
1.54764E+12,1.0496236,0.7600036,-0.4302062,-0.77671736,838,275,887,134,1
1.54764E+12,0.5577549,0.42357394,-0.6245137,-1.1552215,611,252,876,53,1
1.54764E+12,1.112438,1.2257797,-0.51750755,1.8409975,753,240,830,37,1
1.54764E+12,1.5739554,0.6418274,0.4651477,3.9932125,684,363,858,69,1
1.54764E+12,1.1358603,-0.40844196,0.8367108,4.671049,813,373,918,128,1
1.54764E+12,0.3932576,0.014748032,1.0006671,4.371573,746,375,921,110,1
1.54764E+12,0.46513024,0.33733723,0.8420341,3.0223732,775,417,924,95,1
1.54764E+12,0.8989842,0.26387632,0.7201229,2.7060704,819,520,905,141,1
1.54764E+12,0.49333477,-0.36105627,1.0139664,6.9228916,840,598,934,200,1
1.54764E+12,1.3738185,-0.43984044,0.91230106,5.300265,913,625,882,129,1
1.54764E+12,0.8510749,-2.5308146,1.4036287,6.3846464,930,590,940,69,1
1.54764E+12,-0.093793996,-0.33763394,0.6365565,2.1072326,945,581,922,32,1
1.54764E+12,0.05682792,-0.043249257,0.73928654,2.49019,946,617,958,18,1
1.54764E+12,0.14201744,-0.20509364,0.5082573,-0.38861725,945,641,946,0,1
1.54764E+12,-0.24656266,-0.15718435,0.5849122,1.0773813,943,658,947,9,1
1.54764E+12,-0.43182936,-0.026214845,0.48164105,0.49582002,943,666,942,0,1
1.54764E+12,-1.2042248,0.58805376,0.46834165,0.032312144,945,663,944,0,1
1.54764E+12,-1.2643689,1.0612998,0.40552726,-0.1512082,943,693,935,0,1
1.54764E+12,-0.39348447,0.82227695,0.3916868,-0.9261155,930,715,936,1,1
1.54764E+12,-0.7112915,0.8297295,0.48963466,0.8394933,933,706,937,13,1
1.54764E+12,-1.6247619,1.3471498,0.667955,0.91190356,944,657,954,39,1
1.54764E+12,-0.9609434,0.31550318,0.31929052,0.73316205,950,623,959,0,1
1.54764E+12,-0.71713835,0.46561894,0.068032935,-1.2615911,949,643,963,0,1
1.54764E+12,-1.0743374,1.0043323,0.2506118,1.3765223,944,659,956,0,1
1.54764E+12,-1.3836098,1.3051049,0.35175365,0.39253414,937,694,948,0,1
1.54764E+12,-0.5829923,0.7898138,0.38104028,1.3466713,938,705,954,16,1
1.54764E+12,-0.87257737,0.6045646,0.5465848,0.8479688,942,684,961,69,1
1.54764E+12,-0.59896207,-0.20296434,0.6110049,2.5121686,946,651,966,159,1
1.54764E+12,-1.1477983,0.5252394,0.287351,5.5922613,948,648,967,188,1
1.54764E+12,-1.6716065,1.0128495,0.18460347,2.7404416,950,613,967,188,1
1.54764E+12,-1.2840736,-0.07147123,0.3107733,6.145418,952,597,968,203,1
1.54764E+12,-1.1829144,-0.20242329,0.055780724,6.837218,954,548,970,103,1
1.54764E+12,-1.6162447,-0.72890186,0.22773056,6.349863,954,447,970,59,1
1.54764E+12,-2.009101,-0.9902649,0.2809631,7.849927,952,417,971,52,1
1.54764E+12,-3.5916955,-0.35627407,-0.14648548,5.1027336,935,140,970,101,1
1.54764E+12,-2.861345,1.3418266,-0.26679102,0.74574596,912,6,968,134,1
1.54764E+12,-1.2627807,-1.1174994,0.63868576,4.4626007,910,26,962,235,1
1.54764E+12,-1.1052123,0.31337386,0.25967008,3.864213,839,20,952,253,1
1.54764E+12,-0.6101496,-0.34828046,0.6482676,-1.2033067,799,17,941,248,1
1.54764E+12,-0.7905992,-0.47977355,0.60514057,0.82143146,773,13,934,267,1
1.54764E+12,-0.8810946,0.07063347,0.2937389,-0.051264647,672,12,892,224,1
1.54764E+12,-0.87737703,0.040299654,0.26551694,3.065105,779,48,924,283,1
1.54764E+12,-0.07834783,-0.16783085,-0.13210396,2.5993943,727,110,859,337,1
1.54764E+12,0.121789075,-0.003333579,-0.12519246,3.5972114,817,162,879,359,1
1.54764E+12,-0.044279,-0.72464323,-0.49621457,5.032593,821,231,854,436,1
1.54764E+12,0.2671052,-0.6820572,-0.06290167,8.253484,880,315,881,494,1
1.54764E+12,0.16011651,-1.0413681,0.005218534,14.090069,895,318,901,624,1
1.54764E+12,0.71425855,-0.5873033,-0.43287656,12.750877,908,257,900,654,1
1.54764E+12,0.91176,-0.5154306,-1.0700613,13.088632,917,187,908,658,1
1.54764E+12,0.5045223,-0.58889157,-1.0019237,14.552006,926,97,943,668,1
1.54764E+12,0.65996134,-1.3117895,-0.3040538,15.97941,940,88,955,671,1
1.54764E+12,0.9415702,-1.2016069,-0.71500903,18.223438,944,129,960,679,1
1.54764E+12,0.8963313,-0.81246823,-0.56489325,15.303709,942,127,962,676,1
1.54764E+12,0.5279446,-0.97003657,-0.6601708,14.206235,938,61,967,672,1
1.54764E+12,0.49654618,-0.08585274,-0.90078187,11.750541,934,59,965,684,1
1.54764E+12,0.52687997,-0.28920105,-0.6207787,12.580391,927,73,966,695,1
1.54764E+12,0.68231905,-0.5915619,-0.56169933,13.949193,923,70,960,707,1
1.54764E+12,0.48802897,-0.25513223,-0.7378903,14.140069,929,79,961,713,1
1.54764E+12,0.5716128,0.40493384,-0.9540144,12.568707,924,111,956,717,1
1.54764E+12,0.3794346,0.014748032,-1.1488456,9.154096,916,91,955,726,1
1.54764E+12,0.69190085,0.17870426,-1.2036837,13.589231,905,135,955,729,1
1.54764E+12,0.731834,0.7493571,-1.6204859,13.081201,902,168,957,731,1
1.54764E+12,0.8303229,1.267842,-1.4592,13.530006,911,187,963,728,1
1.54764E+12,0.5284857,0.8515636,-0.7788881,17.579502,924,187,966,720,1
1.54764E+12,0.8132885,1.0607587,-1.0152406,16.919996,937,206,968,717,1
1.54764E+12,0.57107174,2.2148402,-0.53347737,21.326532,942,264,970,700,1
1.54764E+12,0.47525316,0.94897044,0.053651422,18.076012,946,303,969,687,1
1.54764E+12,0.4571541,0.4922352,-0.22952825,19.86289,945,296,969,647,1
1.54764E+12,0.61526346,0.4943645,-0.35035738,15.018444,947,282,968,615,1
1.54764E+12,0.19898498,0.35276595,-0.3109653,11.845418,945,286,966,573,1
1.54764E+12,0.004677482,0.2675939,-0.23963371,9.290872,941,272,960,514,1
1.54764E+12,-0.20132373,0.104178704,-0.59363884,7.2316957,926,289,960,514,1
1.54764E+12,-0.1619142,0.58007765,-1.1893022,-0.4901697,894,321,934,417,1
1.54764E+12,0.81754714,0.907449,-1.1999488,0.9532657,863,308,825,282,1
1.54764E+12,1.1731405,1.5276169,-0.90771085,-0.024995467,732,295,764,235,1
1.54764E+12,1.0485764,1.1656356,-0.94284433,2.167126,795,368,684,174,1
1.54764E+12,1.1923043,0.8872207,0.031293754,2.8556507,704,422,756,173,1
1.54764E+12,0.9378527,0.4102571,0.558837,3.1001656,699,431,860,193,1
1.54764E+12,0.70256484,-0.41322416,1.1039382,2.1258502,729,458,755,213,1
1.54764E+12,1.5047705,-1.2681388,1.8305537,5.5793233,803,508,919,222,1
1.54764E+12,1.3754241,-0.8646361,1.3014222,3.836938,797,546,888,211,1
1.54764E+12,1.0746516,0.7019714,1.0688047,12.058474,821,594,895,93,1
1.54764E+12,1.3663659,0.04775221,0.70095915,3.1369789,872,638,919,164,1
1.54764E+12,1.2668297,-1.7344558,1.0358006,9.27191,893,664,927,257,1
1.54764E+12,1.0400592,-2.7533267,0.49069932,4.9520135,909,666,913,240,1
1.54764E+12,0.086655594,0.18029252,0.3464304,3.1268084,923,656,926,229,1
1.54764E+12,-0.8017694,0.5369505,0.2122844,1.607467,924,656,929,250,1
1.54764E+12,-0.5419946,0.42462116,0.5599016,-0.2509315,917,657,932,205,1
1.54764E+12,-0.6143908,0.5060757,0.63549185,1.0734068,932,646,922,251,1
1.54764E+12,-1.3543231,1.1741529,0.15692255,1.9139727,939,612,941,118,1
1.54764E+12,-1.0732553,0.94897044,0.4198913,-0.94223326,943,571,952,42,1
1.54764E+12,-0.6319663,0.69293064,0.4395961,1.419369,943,612,956,46,1
1.54764E+12,-1.0157641,0.6343574,0.5066691,1.2018031,946,608,957,111,1
1.54764E+12,-1.1424576,0.73178166,0.38475785,1.5971912,945,601,956,94,1
1.54764E+12,-0.38762018,-0.068294734,0.75153875,-0.58868635,943,630,954,39,1
1.54764E+12,-0.8369028,0.27504644,0.5753303,2.4362628,942,628,950,19,1
1.54764E+12,-0.79751074,0.5822069,0.36081192,0.8185872,944,643,941,14,1
1.54764E+12,-0.8326442,0.9510997,0.49495792,1.4909172,946,646,951,43,1
1.54764E+12,-0.32267648,0.36980036,0.57320106,2.440697,947,643,947,170,1
1.54764E+12,-0.18959512,-0.13215633,0.54925513,1.1457213,945,615,957,314,1
1.54764E+12,-1.0642145,0.37140608,0.3315253,2.5701084,947,626,961,379,1
1.54764E+12,-1.7370738,1.0059379,0.4369257,2.7706084,948,635,964,403,1
1.54764E+12,-1.6513608,-0.6431887,0.17130406,5.728606,948,635,964,511,1
1.54764E+12,-2.0447404,-0.9828298,0.23357742,5.3122835,943,627,963,508,1
1.54764E+12,-1.744509,-1.2479279,0.2937389,3.7257993,929,598,962,447,1
1.54764E+12,-2.1538758,-1.3996319,0.43107888,5.0841255,893,573,959,411,1
1.54764E+12,-2.781479,0.34850734,-0.33279938,6.834842,875,529,927,394,1
1.54764E+12,-2.1937916,3.3013077,-0.69636893,-1.7919451,568,368,817,391,1
1.54764E+12,-2.220949,0.47678906,-0.5223072,2.8322928,453,286,565,308,1
1.54764E+12,-1.4607882,0.29421017,0.6967005,-1.2369978,285,236,689,265,1
1.54764E+12,-0.82784456,-0.43985787,1.3322971,0.24779029,390,250,886,299,1
1.54764E+12,-0.59416246,-1.1627558,0.73982763,7.3189883,477,289,778,247,1
1.54764E+12,0.005218534,0.015271631,0.10316641,4.3847027,598,333,778,247,1
1.54764E+12,-0.3072303,-0.24822073,-0.02617994,3.453473,702,370,840,254,1
1.54764E+12,0.014800392,-0.99667025,0.082938045,6.643814,798,396,865,360,1
1.54764E+12,0.24211207,-0.5495169,-0.084735736,6.0356293,827,407,852,425,1
1.54764E+12,0.60835195,-1.3772742,0.16278686,12.912983,896,418,800,539,1
1.54764E+12,1.0698694,-0.7496713,-0.29073694,13.996168,895,435,856,641,1
1.54764E+12,0.5987701,-0.049131017,-0.13316862,18.538458,906,381,901,687,1
1.54764E+12,0.5886472,-0.17741272,-1.2888558,17.081978,914,276,930,709,1
1.54764E+12,0.7999891,-0.1449496,-1.5667297,11.176909,899,153,942,715,1
1.54764E+12,0.5386086,-0.5947558,-1.1664209,14.343959,898,149,957,725,1
1.54764E+12,0.5817357,-0.51277775,-1.0929601,15.660263,910,133,957,731,1
1.54764E+12,0.4970872,-0.7113438,-0.9774367,15.225265,920,136,962,732,1
1.54764E+12,0.55777234,-0.65491736,-0.72033226,15.443138,927,157,961,731,1
1.54764E+12,0.8266054,-1.4528644,-0.89067644,12.326356,923,155,962,734,1
1.54764E+12,0.509863,-0.51277775,-1.2473345,11.889213,927,195,953,735,1
1.54764E+12,0.28150415,-1.2292877,-0.7900582,16.175467,935,234,955,738,1
1.54764E+12,0.38849282,-0.33604568,-0.90771085,15.516917,935,244,960,721,1
1.54764E+12,0.5013458,0.37831756,-1.5800291,10.422152,938,201,962,723,1
1.54764E+12,0.4518483,0.75307465,-1.4959217,12.796386,943,257,959,711,1
1.54764E+12,0.16439256,1.644711,-1.2457287,15.230714,944,269,960,726,1
1.54764E+12,0.010018189,1.5435692,-1.324513,14.929418,944,279,965,719,1
1.54764E+12,0.89048445,1.4520092,-0.77089447,20.668577,948,291,967,689,1
1.54764E+12,0.82128215,1.4722376,-0.74321353,17.984362,948,341,970,692,1
1.54764E+12,1.1917806,0.9393886,-0.1097463,22.293705,948,413,969,708,1
1.54764E+12,0.8281936,0.9548173,0.40392154,19.267895,945,423,970,704,1
1.54764E+12,0.894202,0.5992239,-0.046408303,14.068166,938,411,968,697,1
1.54764E+12,0.54393184,-0.043266714,-0.5915095,9.550519,906,423,964,682,1
1.54764E+12,0.012671091,0.07382743,-0.516984,5.211296,874,395,958,555,1
1.54764E+12,0.3017325,0.38097048,-0.8560665,3.5749547,850,343,950,388,1
1.54764E+12,0.32515484,1.1949048,-1.0077881,-0.6223679,775,292,921,109,1
1.54764E+12,0.9298765,0.8904146,-0.7336317,-0.562082,863,287,869,62,1
1.54764E+12,1.0507057,0.25375342,-0.30564207,4.883415,807,315,876,57,1
1.54764E+12,0.78189003,0.44113198,-0.18907152,0.1013705,618,343,832,22,1
1.54764E+12,-0.09803514,0.54120916,0.11274827,-1.0740676,620,403,858,27,1
1.54764E+12,1.236496,-0.3610737,0.7068234,3.7621434,849,522,902,28,1
1.54764E+12,0.38210493,0.1552645,0.44491932,3.4319253,723,542,894,9,1
1.54764E+12,0.0765676,0.5518557,0.22773056,3.0088315,794,550,899,10,1
1.54764E+12,1.3663833,0.09032079,1.1071322,5.592922,826,565,926,77,1
1.54764E+12,1.7927673,-0.6016848,1.4584669,6.2965016,866,596,927,136,1
1.54764E+12,0.785084,-1.2527101,0.9548871,9.106356,888,620,937,41,1
1.54764E+12,0.51253337,-0.9386381,0.4049862,3.977286,894,646,945,29,1
1.54764E+12,1.2503364,-0.8513367,0.21334904,2.4635952,913,674,946,28,1
1.54764E+12,-0.98967147,0.76637405,0.25167647,2.0644052,921,678,946,28,1
1.54764E+12,-0.894394,0.89147925,0.9160186,0.53183836,929,684,946,39,1
1.54764E+12,0.031311207,0.18348646,0.8148768,0.9978458,930,685,947,114,1
1.54764E+12,-0.21992894,-0.06455973,1.0570936,1.9476448,933,673,954,196,1
1.54764E+12,-1.0279989,0.2867576,0.6695607,0.081450745,935,674,963,223,1
1.54764E+12,-1.021611,0.5800602,0.6546556,-0.5130487,935,676,963,223,1
1.54764E+12,-1.0966601,0.8084365,0.9277298,-1.1965933,937,690,961,266,1
1.54764E+12,-1.356976,1.0820518,0.686054,-1.2572336,933,702,954,231,1
1.54764E+12,-1.1610802,0.9995326,0.6530498,-1.9785396,938,697,951,149,1
1.54764E+12,-0.77567667,0.5571789,0.5412615,-1.5616037,940,701,955,236,1
1.54764E+12,-0.703804,0.53056264,0.49548152,-1.0513898,944,686,959,335,1
1.54764E+12,-1.4836695,0.8739038,0.34962437,1.1013328,942,687,961,376,1
1.54764E+12,-1.2904266,0.6189287,0.22985986,-0.016280571,942,688,961,367,1
1.54764E+12,-1.0157467,0.14302973,0.6120695,1.4987894,944,694,960,393,1
1.54764E+12,-2.083068,0.81588906,0.22347195,3.6066542,940,700,958,389,1
1.54764E+12,-2.061775,-0.32700488,0.4566305,4.0137067,940,697,957,443,1
1.54764E+12,-1.935605,-0.26099652,0.36187658,3.5826643,936,701,956,477,1
1.54764E+12,-1.5784234,-0.8151386,0.5646838,4.467762,940,694,952,444,1
1.54764E+12,-2.3321962,-1.2926432,0.5535137,5.6800613,931,629,959,322,1
1.54764E+12,-3.1157792,0.34051374,-0.4089132,4.052895,909,366,961,203,1
1.54764E+12,-2.4157627,1.6180948,-0.41104248,0.43790907,900,396,960,153,1
1.54764E+12,-1.2978792,-0.05445427,0.06270968,3.0868154,835,339,960,90,1
1.54764E+12,-1.2276123,-0.18380062,0.22027801,1.811252,664,255,957,60,1
1.54764E+12,-1.1270114,0.57101935,0.10529571,0.09866026,503,236,923,56,1
1.54764E+12,-1.1259468,0.52363366,0.20217894,-2.5632708,531,285,844,70,1
1.54764E+12,-0.6468539,-0.003874631,0.4284085,2.2733042,502,334,857,100,1
1.54764E+12,0.019076448,-0.08265879,0.16863371,2.4258146,492,373,791,155,1
1.54764E+12,0.6046344,-0.2727077,0.017453292,4.0776606,677,379,838,269,1
1.54764E+12,0.6738367,-0.82845545,0.4763178,7.8063807,800,389,887,437,1
1.54764E+12,0.9048659,-0.8848819,0.66582566,10.078574,831,383,879,535,1
1.54764E+12,1.1704876,-0.94289666,0.9181479,11.320848,854,354,910,606,1
1.54764E+12,0.5641777,-0.588909,-0.37484437,13.95629,834,224,912,634,1
1.54764E+12,0.8819847,-0.17636552,-1.2702332,9.653095,868,186,927,648,1
1.54764E+12,0.8090474,-0.6607817,-0.968937,10.3249,883,231,941,685,1
1.54764E+12,0.5210506,-1.1148465,-0.4903677,14.767073,900,218,945,702,1
1.54764E+12,0.11756538,-1.8297508,0.5497787,17.054255,907,144,959,711,1
1.54764E+12,0.5311735,-1.1222991,0.043528512,18.964989,912,16,958,717,1
1.54764E+12,0.23626523,-0.36692056,-1.2425348,8.661293,904,10,949,729,1
1.54764E+12,0.44865432,-0.19444713,-1.1674856,11.065109,877,63,942,741,1
1.54764E+12,0.55299014,-0.5048016,-0.69478065,15.001963,862,99,951,743,1
1.54764E+12,0.4028918,-0.6501177,-1.4863398,12.780871,890,44,951,743,1
1.54764E+12,-0.061295964,-0.83962554,-2.0181417,9.196387,899,30,952,743,1
1.54764E+12,0.57163024,-1.107935,-1.2830089,13.523342,924,47,959,750,1
1.54764E+12,0.18516198,-0.6618289,-0.6032207,15.515136,931,51,960,747,1
1.54764E+12,0.23094197,0.4948881,-1.4203489,12.26356,930,14,962,738,1
1.54764E+12,0.3384717,1.1288964,-2.0282645,11.754237,931,49,964,723,1
1.54764E+12,0.4704884,0.5699373,-1.2920498,13.9757595,936,69,965,721,1
1.54764E+12,0.6722485,0.45601964,-0.7480132,19.403921,938,92,969,701,1
1.54764E+12,1.0970441,0.6551268,-0.65964717,18.597172,945,135,969,701,1
1.54764E+12,1.0448762,1.3705547,-0.7618537,16.748543,947,160,970,694,1
1.54764E+12,1.1571882,1.8965096,-0.37325612,16.127985,947,240,969,669,1
1.54764E+12,0.7733903,0.7253937,-0.30298916,13.147634,937,262,969,673,1
1.54764E+12,0.37999308,0.49860567,-0.26040313,12.852026,928,278,968,663,1
1.54764E+12,-0.003787365,0.19039796,-0.49782026,6.0109687,913,255,965,633,1
1.54764E+12,0.767526,0.46507788,-0.6064147,6.096902,880,301,961,612,1
1.54764E+12,0.56152475,0.8164127,-0.7512072,4.5391,858,316,953,546,1
1.54764E+12,0.0866905,0.74295175,-1.1025419,2.4893856,790,311,951,494,1
1.54764E+12,0.8154353,0.88296205,-0.8763124,1.2438452,855,272,913,357,1
1.54764E+12,-0.014433873,0.6961071,-0.5691519,-0.21389797,478,308,894,244,1
1.54764E+12,-0.12356931,0.4954117,-0.5968328,0.17517896,792,264,732,91,1
1.54764E+12,1.6171174,0.5933596,0.31236157,2.6882193,635,305,503,93,1
1.54764E+12,0.7233517,1.0905515,0.18140952,2.2135067,476,274,900,128,1
1.54764E+12,0.12927654,0.8281238,0.6211103,1.4937425,474,286,886,192,1
1.54764E+12,0.3821224,0.45656067,0.8808851,2.8758862,564,299,886,192,1
1.54764E+12,1.21255,0.5662197,1.1422657,5.624765,636,296,889,227,1
1.54764E+12,1.4819242,0.048258353,1.09488,7.2414165,703,381,943,404,1
1.54764E+12,0.9682214,-0.9429141,1.5223285,9.687869,839,487,941,396,1
1.54764E+12,-0.2960253,0.103620194,0.43425536,6.7193174,842,525,940,250,1
1.54764E+12,-0.26675612,-0.63575363,0.047787115,4.572092,869,557,954,236,1
1.54764E+12,0.58122957,-1.2213116,0.1414764,9.079119,901,597,955,143,1
1.54764E+12,-0.7469137,-0.15294321,0.55562556,2.5476031,918,616,953,72,1
1.54764E+12,-1.1285822,0.3692593,0.39805725,3.5017018,932,630,954,48,1
1.54764E+12,-1.1254058,0.8504815,0.5380676,1.6572185,936,643,952,57,1
1.54764E+12,-0.99817127,0.9308539,0.64879125,2.0511317,937,639,956,149,1
1.54764E+12,-0.9193871,0.036547195,0.7589739,4.773406,937,649,956,217,1
1.54764E+12,-2.2565885,1.5483514,0.40605086,4.323698,922,653,957,191,1
1.54764E+12,1.3195561,-2.9838498,0.78506655,-2.3411367,953,685,956,100,1
1.54764E+12,-0.6628062,0.50499356,0.26764625,6.4424233,932,707,952,96,1
1.54764E+12,-2.7937136,1.8996862,0.7020238,-0.4763312,940,678,951,130,1
1.54764E+12,-0.42910665,0.058381263,0.39327505,-0.12253524,946,692,951,121,1
1.54764E+12,-0.07086037,-0.22108085,0.38741073,5.323756,939,703,956,121,1
1.54764E+12,-1.2563404,1.0889633,0.2122844,2.0962002,944,691,956,121,1
1.54764E+12,-1.754597,1.4030353,0.22612485,1.0482963,930,699,941,177,1
1.54764E+12,-1.133382,1.0485065,0.4805764,2.6101108,904,708,939,148,1
1.54764E+12,-1.3479003,0.05784021,0.64292693,2.1538048,929,699,940,75,1
1.54764E+12,-1.4128441,0.051452305,0.4076391,3.5699654,933,700,938,11,1
1.54764E+12,-1.5704124,-0.18966493,0.36133552,3.713943,942,701,952,23,1
1.54764E+12,-1.0407573,-0.4042008,0.37091738,4.499471,944,702,963,74,1
1.54764E+12,-1.6327032,-1.0312802,0.42521456,7.3468857,940,684,965,133,1
1.54764E+12,-2.345478,-0.25035003,0.22664845,1.7364187,939,612,966,152,1
1.54764E+12,-1.7860129,-0.72785467,0.18193312,5.5732512,933,554,966,152,1
1.54764E+12,-1.3974153,-0.51118946,-0.046408303,5.459421,932,555,966,118,1
1.54764E+12,-1.397939,-0.37971383,-0.22952825,4.0404263,912,504,965,77,1
1.54764E+12,-1.5017511,1.0905515,-0.49303806,3.7961504,765,330,959,55,1
1.54764E+12,-0.74956656,-0.726249,-0.009686577,0.43811974,797,304,947,59,1
1.54764E+12,-0.8070577,0.3256086,-0.23113395,4.346616,677,246,933,40,1
1.54764E+12,-1.0407573,0.3761708,0.30543262,-2.0719614,620,282,897,52,1
1.54764E+12,-0.7112391,-0.26153758,0.53859115,-0.2129786,670,314,893,89,1
1.54764E+12,-0.7181681,-0.110357165,-0.24762732,5.208634,649,374,760,176,1
1.54764E+12,-0.040509094,-0.27963665,-0.28543115,3.6741898,752,402,790,267,1
1.54764E+12,0.37095228,-0.7012384,-0.13744467,7.826205,842,427,800,398,1
1.54764E+12,0.6722485,-0.80131555,-0.18322466,8.886147,858,437,787,489,1
1.54764E+12,0.53386134,-0.54154074,-0.13212143,8.20174,911,431,766,527,1
1.54764E+12,1.0911973,-1.0041229,0.19683823,13.496823,922,335,871,601,1
1.54764E+12,0.76967275,-0.5101248,-0.2976659,12.359635,931,187,928,647,1
1.54764E+12,0.57058305,-0.15985471,-0.62931335,17.745392,937,132,941,660,1
1.54764E+12,0.7451858,-0.06403613,-1.0652791,12.503891,929,131,955,667,1
1.54764E+12,0.43324307,-0.39887753,-0.7634594,15.502705,930,124,958,679,1
1.54764E+12,0.5892057,-0.6948505,-0.63941884,15.108994,923,126,964,683,1
1.54764E+12,0.32145473,-1.0168986,-0.85927796,14.885863,924,112,965,685,1
1.54764E+12,0.63126814,-0.8108974,-1.1131885,15.597889,930,110,966,674,1
1.54764E+12,0.552484,-0.8918109,-1.2063541,13.44237,935,157,966,670,1
1.54764E+12,0.6845007,-0.28550094,-1.4017088,15.674253,943,167,968,649,1
1.54764E+12,0.30707324,-0.029967302,-1.3197308,13.58313,947,174,968,611,1
1.54764E+12,0.46359435,0.08552113,-1.2675629,12.8754225,946,164,968,626,1
1.54764E+12,0.7393215,0.21701424,-1.2489401,14.935787,945,149,968,645,1
1.54764E+12,0.42952552,0.61091757,-1.4059675,13.519684,945,143,969,639,1
1.54764E+12,0.36351717,0.949494,-1.4682583,12.881984,943,184,969,643,1
1.54764E+12,0.59507,0.9803689,-1.4895512,15.109606,944,209,969,655,1
1.54764E+12,0.46624726,0.9936683,-1.234035,15.225513,947,236,969,661,1
1.54764E+12,0.16334537,0.8989144,-0.63783056,18.422874,947,256,969,656,1
1.54764E+12,0.6121044,0.64500386,-0.61227894,16.494719,948,249,969,668,1
1.54764E+12,-0.25130996,0.9548173,-0.44193482,14.281451,946,288,969,668,1
1.54764E+12,0.9027541,0.64818037,-0.3189589,16.032665,947,260,967,671,1
1.54764E+12,0.82662284,0.34742525,0.122853726,15.018674,940,332,965,673,1
1.54764E+12,0.78831285,0.66575587,0.54710835,11.869179,936,375,959,663,1
1.54764E+12,-0.3284884,0.14620623,0.029164452,6.6958637,909,392,958,650,1
1.54764E+12,-0.131528,1.0069677,-1.096154,-0.57256854,834,395,901,525,1
1.54764E+12,0.7095287,1.0133556,-0.898129,-0.9588299,789,408,811,280,1
1.54764E+12,1.2338605,0.6678851,-0.79433423,0.89169645,757,487,765,154,1
1.54764E+12,0.9629156,0.5342627,-0.22101104,1.6585497,772,498,820,107,1
1.54764E+12,0.20221385,0.36658895,-0.24816836,4.314514,777,465,905,62,1
1.54764E+12,1.3302201,1.0293254,0.07440338,4.7424345,665,449,909,56,1
1.54764E+12,-0.16507325,1.0351896,0.24368288,0.36468482,665,476,886,45,1
1.54764E+12,0.043057274,1.103851,0.3405661,0.009461885,749,490,886,45,1
1.54764E+12,1.1710461,0.71047115,1.243931,5.824576,823,486,901,57,1
1.54764E+12,1.2897635,0.20635028,1.6053712,3.3524475,898,513,931,17,1
1.54764E+12,1.0055016,-0.5665688,1.261489,5.9406466,905,532,931,17,1
1.54764E+12,0.9006248,0.250542,0.24102996,9.206232,922,505,918,1,1
1.54764E+12,-0.020804325,0.9356361,-0.1023112,3.3389347,932,510,927,4,1
1.54764E+12,0.10107201,1.0681939,0.18619172,4.193799,937,562,937,23,1
1.54764E+12,-0.34552282,0.49647635,0.8601157,4.776394,928,561,960,149,1
1.54764E+12,-0.29070204,0.3218736,0.90324277,5.7419276,939,533,944,104,1
1.54764E+12,2.3011818,-1.9687139,0.44970155,9.573991,942,622,960,42,1
1.54764E+12,-0.84377944,0.15844099,0.5082573,6.7423882,939,617,960,4,1
1.54764E+12,-1.2259891,0.6726673,0.08239699,1.8452016,941,504,959,3,1
1.54764E+12,-0.1858252,0.039741147,0.69563586,1.8524705,941,594,958,37,1
1.54764E+12,-0.9262986,0.18666296,1.0283306,2.3294435,936,640,953,52,1
1.54764E+12,-1.1748859,0.4911531,0.5178392,3.1852362,942,640,961,4,1
1.54764E+12,-0.99708915,0.99525654,0.32407275,2.74433,941,658,960,0,1
1.54764E+12,-1.0221171,0.5912303,0.7435452,0.9769301,941,646,963,16,1
1.54764E+12,-0.9875073,0.6753377,0.4661949,3.3469024,946,656,962,12,1
1.54764E+12,-1.4362489,1.0224138,0.3363075,2.0631123,939,658,963,4,1
1.54764E+12,-1.0268993,0.6678851,0.11379547,-0.43126276,937,673,961,3,1
1.54764E+12,-1.0029534,0.500735,0.44277257,4.1179214,918,685,963,0,1
1.54764E+12,-1.3329952,0.8121366,0.44809583,2.5521233,934,671,964,9,1
1.54764E+12,-0.784159,0.2382898,-0.054925513,6.3112593,934,688,965,51,1
1.54764E+12,-0.56164694,0.029094638,0.11379547,7.2970476,938,692,967,133,1
1.54764E+12,-1.5160977,0.4262094,0.16915731,5.375184,940,688,969,233,1
1.54764E+12,-2.01596,0.31016245,-0.24869196,4.886556,943,681,969,149,1
1.54764E+12,-1.1461402,-0.278572,0.08239699,5.1092167,951,686,970,53,1
1.54764E+12,-1.8621092,-0.4249702,-0.22101104,7.6096444,948,681,969,68,1
1.54764E+12,-2.6079059,0.2361605,-0.4754626,4.917518,941,606,967,23,1
1.54764E+12,-2.5259278,0.06742207,-0.3839026,5.31599,913,518,970,11,1
1.54764E+12,-1.3739755,-0.5489933,-0.22687535,6.0630193,912,539,969,0,1
1.54764E+12,-1.2249244,-0.684204,-0.34876913,3.6191328,872,535,966,1,1
1.54764E+12,0.2527935,-1.400714,0.08398525,4.9452333,888,513,960,0,1
1.54764E+12,-1.0769379,1.0484891,-0.99023,0.6371737,522,238,933,75,1
1.54764E+12,-0.9321454,0.28939304,-0.224205,-3.2728546,221,161,933,75,1
1.54764E+12,-1.4586066,0.17015214,0.32566097,-3.0728238,195,146,831,95,1
1.54764E+12,-1.1791444,-0.0837409,1.0858216,0.039628826,586,309,645,139,1
1.54764E+12,0.72762775,-0.66025805,0.81327105,8.558294,540,353,854,252,1
1.54764E+12,1.1572231,-0.71082026,0.6322804,4.4412155,732,269,794,231,1
1.54764E+12,0.41144392,-0.9881705,-0.05227261,4.1603465,795,300,837,292,1
1.54764E+12,0.21713641,-0.93493795,-0.11402236,5.624257,773,382,866,365,1
1.54764E+12,0.24588199,-1.4763042,0.17660987,13.568975,809,373,886,469,1
1.54764E+12,0.50298643,-1.4385178,0.28733355,10.338546,851,373,893,556,1
1.54764E+12,0.17561503,-1.4166838,-0.75759506,13.047815,867,357,933,630,1
1.54764E+12,0.25120524,-0.6474822,-1.3021727,11.984272,891,283,944,646,1
1.54764E+12,-0.023457225,-0.59796727,-1.7748777,8.686087,902,273,957,663,1
1.54764E+12,0.53492594,-1.1175169,-0.4882384,17.750938,929,255,950,693,1
1.54764E+12,0.06595599,-0.16678366,-1.5246847,12.126814,930,257,958,706,1
1.54764E+12,0.12557644,-0.0922581,-1.5662061,14.768826,938,273,957,717,1
1.54764E+12,0.35499996,-0.7757639,-1.0945657,13.709879,938,283,959,709,1
1.54764E+12,0.6499257,0.18292795,-1.1866493,18.730865,941,266,959,715,1
1.54764E+12,0.36032322,-0.003892084,-1.0551738,16.261896,942,321,958,729,1
1.54764E+12,1.0630102,-0.25569072,-0.52443653,22.300993,947,351,960,737,1
1.54764E+12,0.401321,0.32080898,-1.7791363,13.775758,937,348,941,740,1
1.54764E+12,0.94909257,0.8515287,-1.7434617,13.774962,941,323,958,737,1
1.54764E+12,0.5663419,0.080721475,-1.572053,18.270824,945,347,954,744,1
1.54764E+12,0.94376934,-0.029984757,-1.1802615,20.610485,945,393,955,748,1
1.54764E+12,0.58604664,0.9941919,-1.1429987,22.085009,946,384,968,737,1
1.54764E+12,0.50724506,1.3423327,-1.2659745,21.665955,949,340,970,725,1
1.54764E+12,0.59295815,0.99738586,-0.5744751,22.080296,952,331,972,711,1
1.54764E+12,0.5700769,1.1794411,-0.22368139,20.756264,950,342,972,706,1
1.54764E+12,0.7760781,0.9707696,-0.3578274,18.780788,949,355,971,714,1
1.54764E+12,0.70794046,0.7887143,-0.030438542,13.2000475,943,376,971,714,1
1.54764E+12,0.43060762,0.3554014,0.12018337,10.353055,936,391,962,670,1
1.54764E+12,0.5285555,0.27396435,-0.32108822,7.026819,914,405,955,582,1
1.54764E+12,0.29166198,0.33091444,-0.8566076,1.1012082,877,377,910,241,1
1.54764E+12,0.5030039,0.54171526,-0.7618537,-0.5858899,824,279,862,93,1
1.54764E+12,0.66216046,0.69343674,-0.5090078,-1.3630861,724,269,813,19,1
1.54764E+12,0.35075882,0.8914618,-0.4099953,0.787405,683,302,793,16,1
1.54764E+12,1.1992855,0.55981433,-0.22952825,2.0986614,694,358,829,22,1
1.54764E+12,1.6730552,0.7301585,0.823394,2.3040168,747,457,912,56,1
1.54764E+12,0.77661914,0.43844417,0.6344097,5.7020497,699,486,832,59,1
1.54764E+12,1.0512991,1.4594443,0.41296235,5.0630665,604,502,893,149,1
1.54764E+12,2.335268,1.898604,1.0496236,6.6366215,834,557,932,346,1
1.54764E+12,1.8817267,-1.0392737,1.2763941,3.6083205,863,584,927,361,1
1.54764E+12,-0.3247534,0.04717625,0.07600909,8.351761,886,561,927,361,1
1.54764E+12,-1.320202,1.2039281,0.2820103,4.2475533,921,552,942,299,1
1.54764E+12,-0.33060026,0.6369928,0.34376004,4.3844247,936,563,946,345,1
1.54764E+12,0.36992255,-0.18116517,0.2665816,4.4324145,942,589,947,300,1
1.54764E+12,-0.64095473,-0.080546945,0.078661986,4.426046,940,620,953,244,1
1.54764E+12,-1.3723699,0.8728217,0.46886525,-0.6898749,944,638,954,216,1
1.54764E+12,-0.3896971,-0.7949451,0.5684014,3.967221,946,642,953,230,1
1.54764E+12,-2.0904682,1.541946,0.3277903,2.8912954,943,642,954,273,1
1.54764E+12,-3.039072,2.2355747,-0.24284512,2.6410918,940,667,959,308,1
1.54764E+12,-1.8083357,2.2850723,-0.16086699,3.2972085,946,704,958,300,1
1.54764E+12,-0.22680554,0.22019073,0.47151816,11.194942,935,687,962,235,1
1.54764E+12,-1.7950362,0.41502184,0.2772281,5.7826486,939,657,966,239,1
1.54764E+12,0.8255931,0.14672983,0.39753366,5.955031,942,684,971,247,1
1.54764E+12,-0.23265238,-0.9099274,0.60514057,11.010799,946,678,971,227,1
1.54764E+12,-0.35189328,-0.5138773,0.01425934,8.37961,947,653,972,150,1
1.54764E+12,-1.4032447,-0.331822,0.42627922,3.3749337,944,636,971,298,1
1.54764E+12,-2.112302,-0.51014227,0.6136578,4.789112,939,624,968,399,1
1.54764E+12,-1.5719831,-1.0552435,0.4246735,4.4839664,935,623,969,417,1
1.54764E+12,-1.317008,-1.0744072,0.5684014,5.847656,934,631,969,394,1
1.54764E+12,-0.9683261,-1.15745,0.77494365,4.3875947,916,619,968,304,1
1.54764E+12,-1.4490073,-1.6434718,0.87927943,3.5197446,903,590,958,197,1
1.54764E+12,-2.5684962,-0.53729963,0.7110646,6.628989,852,492,956,176,1
1.54764E+12,-1.9871969,1.0953337,0.10527826,2.9323993,756,436,933,154,1
1.54764E+12,-1.4160031,1.07617,0.8404284,-6.474716,513,336,863,153,1
1.54764E+12,-1.9089364,0.19835667,0.18619172,2.4413579,453,333,822,188,1
1.54764E+12,-1.3989687,0.7078008,-0.5797984,3.1814632,582,392,713,284,1
1.54764E+12,-0.67074746,0.21273819,-0.37751472,2.5894153,564,439,699,448,1
1.54764E+12,-0.2981197,-0.420188,-0.61706114,5.6303387,610,454,686,513,1
1.54764E+12,0.06649704,-0.67038095,-0.17790142,8.363071,846,445,807,594,1
1.54764E+12,-0.022916174,-0.8385958,-0.35941565,11.174678,866,438,795,628,1
1.54764E+12,0.010611602,-0.39570105,-0.69690996,8.9062,876,353,852,659,1
1.54764E+12,0.12665854,-0.733719,-0.38709658,10.95038,894,261,876,687,1
1.54764E+12,0.68825316,-1.2335813,-0.21835814,13.79176,924,277,924,688,1
1.54764E+12,0.3688579,-0.82208496,0.052045718,17.011175,930,206,953,668,1
1.54764E+12,0.51419145,0.024818582,-1.1068006,11.643348,931,76,964,605,1
1.54764E+12,0.1261175,0.14618878,-1.1770675,9.83131,922,100,966,637,1
1.54764E+12,0.21821852,-0.52558845,-0.5680872,12.312029,918,106,966,660,1
1.54764E+12,0.81920516,-0.22694516,-0.9790424,12.36088,925,87,965,658,1
1.54764E+12,0.70954615,-0.2237512,-0.8321206,9.612174,927,91,965,664,1
1.54764E+12,0.5972342,-0.33501595,-0.4232947,13.019037,930,121,962,681,1
1.54764E+12,0.6414085,-0.24930283,-0.7368431,12.07259,931,121,962,681,1
1.54764E+12,0.85966194,-0.09546951,-0.4770683,11.651354,921,104,962,681,1
1.54764E+12,0.6579193,-0.02146755,-0.6064147,10.448268,915,52,963,697,1
1.54764E+12,0.53441983,0.34421384,-0.9998119,9.352623,896,41,960,712,1
1.54764E+12,0.7063522,0.21593213,-0.6271841,9.033591,897,30,957,716,1
1.54764E+12,0.5754002,0.1776047,-0.563305,12.457836,887,31,952,728,1
1.54764E+12,0.6147922,0.51775193,-0.93806213,12.289284,893,31,947,733,1
1.54764E+12,0.6126629,0.4985882,-0.86566585,11.858902,906,78,952,734,1
1.54764E+12,0.58978164,0.7306821,-0.6670998,16.566076,920,109,961,735,1
1.54764E+12,0.57114154,0.39744636,-0.5643697,13.762589,931,156,964,730,1
1.54764E+12,0.68772954,0.15524703,-0.45045203,14.158015,935,219,964,731,1
1.54764E+12,0.43221334,0.114790305,-0.30885348,11.35771,934,292,960,724,1
1.54764E+12,-0.24062854,0.051975906,-0.20078267,11.244532,929,345,959,704,1
1.54764E+12,0.30126128,-0.052342422,-0.4797212,7.2782965,928,344,956,683,1
1.54764E+12,0.4630882,0.27501154,-0.5590464,7.2708554,916,348,928,646,1
1.54764E+12,0.15966272,0.7535808,-0.15554374,2.4400363,888,380,918,568,1
1.54764E+12,0.2623928,0.39266416,-0.1023112,1.300492,823,384,677,537,1
1.54764E+12,0.89055425,0.6156998,-0.14435618,3.1094072,702,386,608,542,1
1.54764E+12,0.8474272,0.67053807,-0.19280653,1.3707763,696,376,705,476,1
1.54764E+12,1.5655254,0.54969144,-0.12892747,1.8383542,761,412,796,412,1
1.54764E+12,2.416199,0.21326178,0.026494099,5.510073,774,447,784,359,1
1.54764E+12,2.152689,0.8813389,0.4704535,2.1994956,623,454,834,359,1
1.54764E+12,1.3994573,0.16215853,0.5109102,3.820648,719,469,876,389,1
1.54764E+12,0.5754176,0.21486749,0.36665878,2.994811,715,483,865,406,1
1.54764E+12,0.35077628,0.6002711,0.26871088,4.3948827,799,514,787,388,1
1.54764E+12,0.19959585,0.49804714,0.26497588,4.988951,842,576,879,389,1
1.54764E+12,0.3332008,0.44854963,0.25912905,5.227213,882,615,887,402,1
1.54764E+12,-0.24488714,0.86163414,0.17128661,5.4328456,885,656,876,417,1
1.54764E+12,-0.7947706,0.70034826,0.3112969,5.174234,891,674,876,417,1
1.54764E+12,-0.40191442,0.49645892,0.145735,5.180861,895,678,912,421,1
1.54764E+12,0.4040088,-0.52345914,-0.007557276,5.342805,915,677,944,449,1
1.54764E+12,-0.6254911,-0.026267204,0.04033456,7.6167126,908,661,949,494,1
1.54764E+12,-0.8671668,0.51242864,0.17608626,0.6220998,916,668,947,506,1
1.54764E+12,-0.1831374,-0.18757053,0.5811772,4.5076303,908,683,933,512,1
1.54764E+12,-1.1157715,0.23722515,0.45821875,4.1790314,908,679,919,518,1
1.54764E+12,-1.6901419,0.86215776,0.2037672,2.1443427,919,668,913,529,1
1.54764E+12,-0.9603325,0.7764621,0.5460437,1.3649535,929,674,880,541,1
1.54764E+12,-1.0817027,0.53000414,0.6253689,4.519956,932,675,876,536,1
1.54764E+12,-1.3883221,0.95638806,0.4763178,5.3677335,939,673,870,510,1
1.54764E+12,-0.9145525,0.94787085,0.08026769,2.3655863,945,670,915,399,1
1.54764E+12,-0.6712711,-0.077911496,0.17980382,5.1276813,942,676,928,306,1
1.54764E+12,-0.2486047,-0.27007225,0.17182766,7.146098,939,664,939,219,1
1.54764E+12,-1.2940918,-0.37814304,0.031293754,5.527992,937,640,939,219,1
1.54764E+12,-1.485729,-0.07417649,-0.04108505,6.968726,932,603,944,229,1
1.54764E+12,-1.3787403,-0.35257396,0.08984955,4.672074,925,577,944,229,1
1.54764E+12,-1.7428509,-0.38240165,-0.02617994,6.776395,920,570,952,254,1
1.54764E+12,-1.4090741,-0.2817834,-0.055466563,4.36757,905,548,950,197,1
1.54764E+12,-1.3595766,-0.55274576,0.17289232,5.1714664,850,467,948,147,1
1.54764E+12,-1.3324193,0.30641,-0.23911011,6.486668,618,381,943,171,1
1.54764E+12,-1.4569834,2.5320714,-0.4483227,-0.43088928,378,317,922,211,1
1.54764E+12,-1.3542533,-0.19341739,0.6392094,0.58932793,438,319,857,249,1
1.54764E+12,-1.1572754,-0.7614173,0.36611772,3.0150564,580,357,858,284,1
1.54764E+12,-0.04738569,-0.31691688,-0.20929988,6.4984765,666,374,833,322,1
1.54764E+12,0.37739253,-0.48193777,-0.32854077,3.351279,793,401,799,393,1
1.54764E+12,0.6872059,-0.99989915,0.36824703,7.9647713,845,402,870,529,1
1.54764E+12,0.3119078,-1.143086,0.57904786,14.888095,894,363,897,593,1
1.54764E+12,1.0092715,-0.2812598,-0.32534683,9.361272,896,214,896,613,1
1.54764E+12,0.06810275,-0.4005007,-0.33599332,11.07282,885,111,922,641,1
1.54764E+12,0.16285667,-0.67411596,-0.32428217,12.140461,901,125,925,665,1
1.54764E+12,0.3715457,-0.38718385,-0.6133436,11.425542,910,144,929,675,1
1.54764E+12,0.12613495,-0.1476374,-0.80976295,13.165246,920,206,938,673,1
1.54764E+12,0.29380873,-0.20886356,-0.7655887,10.981887,921,225,942,681,1
1.54764E+12,0.25815165,-0.23547982,-0.91996306,12.391564,915,160,947,684,1
1.54764E+12,0.35822883,-0.07843509,-1.0381393,10.2301655,912,127,950,688,1
1.54764E+12,0.55360097,-0.123691484,-0.82201517,11.606104,912,93,957,690,1
1.54764E+12,0.46734682,-0.155631,-0.8236034,11.007993,909,116,953,692,1
1.54764E+12,0.5605125,-0.17373008,-0.78953457,10.163204,914,147,953,704,1
1.54764E+12,0.4599117,-0.006038839,-0.70862114,13.120867,916,163,951,710,1
1.54764E+12,0.65420175,0.19568631,-1.0578266,11.329986,915,184,950,715,1
1.54764E+12,0.58552307,0.19249237,-1.2132657,9.957083,919,202,952,715,1
1.54764E+12,0.6973114,0.11424925,-0.55372316,15.157941,921,188,958,706,1
1.54764E+12,0.62226224,-0.04330162,-0.50474924,13.547629,929,206,958,710,1
1.54764E+12,0.6691069,0.29895744,-0.8688598,14.529386,933,228,956,711,1
1.54764E+12,0.9608212,0.64603364,-0.9082519,14.481626,936,266,960,717,1
1.54764E+12,0.8575501,0.6135705,-0.71713835,14.325323,939,344,964,717,1
1.54764E+12,0.43542475,0.37987092,-0.43287656,15.165439,940,396,965,708,1
1.54764E+12,0.5828701,0.33143803,-0.4557753,13.431864,941,375,964,698,1
1.54764E+12,0.12932889,0.40116394,-0.06291912,14.201074,941,394,964,645,1
1.54764E+12,0.02979277,0.44429103,-0.008080875,10.123978,930,419,960,632,1
1.54764E+12,-0.10594148,0.37987092,-0.15819664,9.542407,916,425,952,583,1
1.54764E+12,0.07663741,0.5166873,-0.5446649,6.3830185,919,397,947,490,1
1.54764E+12,0.11655309,0.800408,-0.7868817,5.403579,862,375,939,319,1
1.54764E+12,0.45724136,0.83501786,-1.1690913,4.2980328,699,399,939,319,1
1.54764E+12,-0.09155997,1.2268094,-1.2681038,0.24113442,559,411,882,199,1
1.54764E+12,1.090185,0.6960722,-1.4043791,0.32761297,544,466,806,153,1
1.54764E+12,2.1324782,0.5757667,-0.2822372,3.3144274,452,512,597,167,1
1.54764E+12,1.3957398,0.10412634,0.41669735,6.686967,533,463,799,68,1
1.54764E+12,0.10431833,-0.34300956,0.3597298,0.040921696,553,437,763,44,1
1.54764E+12,2.0739224,-0.8976926,1.2758706,6.8302455,805,499,855,57,1
1.54764E+12,0.1351932,0.86589277,0.02755875,12.931198,755,456,926,9,1
1.54764E+12,0.21663027,0.70991266,-0.06717772,2.6746297,860,455,931,45,1
1.54764E+12,0.9368753,-0.12582079,1.0911449,6.83467,877,513,942,107,1
1.54764E+12,-1.0678447,1.2119043,-0.25029767,7.5380197,904,467,948,65,1
1.54764E+12,-1.8051068,1.0809522,-0.3450516,4.232374,923,295,953,35,1
1.54764E+12,-1.1109719,1.1203443,0.4614127,3.2161312,938,361,956,62,1
1.54764E+12,-0.93689275,0.44109705,0.7020238,5.1696277,940,419,957,48,1
1.54764E+12,0.5392195,-0.10398672,0.8803441,8.4382105,941,604,960,51,1
1.54764E+12,0.7654665,0.10040879,0.76483816,10.563006,943,650,965,49,1
1.54764E+12,-1.7976717,0.47516587,0.05045747,3.366985,943,563,965,78,1
1.54764E+12,-1.3084558,0.18771017,0.5029341,5.3673787,946,558,966,159,1
1.54764E+12,0.11177088,0.069533914,0.69722414,9.549369,948,625,964,222,1
1.54764E+12,-1.1295946,-0.06832964,0.62856287,6.634582,949,663,960,194,1
1.54764E+12,-2.0893686,0.52839845,0.4092448,3.8687618,946,690,953,208,1
1.54764E+12,-1.7838312,0.41022217,0.4198913,3.6470683,941,729,936,234,1
1.54764E+12,-1.1732452,0.12808971,0.77494365,9.304135,940,731,932,261,1
1.54764E+12,-1.6278511,0.3122743,0.4874879,4.1120605,944,687,932,249,1
1.54764E+12,-0.87461936,-0.057683133,0.8265879,7.9967675,951,642,951,247,1
1.54764E+12,-1.3345311,0.22656119,0.24048892,6.757692,952,638,957,284,1
1.54764E+12,-0.9895842,-0.25197318,0.20003219,6.7394094,952,634,958,293,1
1.54764E+12,-0.71916294,-0.30468214,0.23090705,7.2653775,952,640,960,327,1
1.54764E+12,-1.1274652,-0.51707125,0.36292377,5.5490603,951,593,962,329,1
1.54764E+12,-0.9768084,-0.69434434,0.6062052,6.0570526,949,551,962,323,1
1.54764E+12,-0.41043162,-0.64430577,0.5162335,7.4433146,946,566,964,299,1
1.54764E+12,-1.2360597,-0.7880336,0.106883965,8.394598,935,583,962,308,1
1.54764E+12,-1.2972683,-0.645894,-0.17736036,4.934392,898,518,956,399,1
1.54764E+12,-1.5767479,-0.23015657,0.19896753,3.0538905,842,405,941,432,1
1.54764E+12,-1.2270013,-0.10133382,0.5913001,2.2677784,744,350,923,495,1
1.54764E+12,-1.3159084,1.1192622,0.4768414,2.6300592,629,350,881,534,1
1.54764E+12,-1.1956029,0.63751644,0.84201664,2.1645691,551,468,855,577,1
1.54764E+12,-0.6217561,-0.009250245,0.7595149,2.9468408,597,559,678,593,1
1.54764E+12,-0.23635249,0.2978928,0.2170666,5.3604546,592,569,722,567,1
1.54764E+12,-0.32258922,-0.14604916,-0.37273252,4.6010046,659,549,766,568,1
1.54764E+12,0.069184855,0.042376593,-0.24390976,3.7535815,764,467,863,647,1
1.54764E+12,0.29595548,-0.6618812,0.12550662,7.883541,780,189,856,695,1
1.54764E+12,0.39605013,-0.3935892,-0.20345303,8.659377,829,0,856,695,1
1.54764E+12,0.3816686,0.08974483,-0.7325845,6.260579,792,0,880,719,1
1.54764E+12,0.3694164,-0.05503023,-0.71500903,7.051068,820,0,898,732,1
1.54764E+12,-0.023945916,-0.48621383,-0.7671769,11.820921,855,34,940,740,1
1.54764E+12,0.45406485,-0.47769663,-0.25668558,11.639469,869,19,947,742,1
1.54764E+12,0.26562166,-0.47715557,-0.5531821,11.816133,895,19,952,739,1
1.54764E+12,0.46684065,-0.21472786,-0.8353146,10.59621,894,23,956,735,1
1.54764E+12,0.41095522,-0.289777,-0.65964717,9.525705,894,35,955,735,1
1.54764E+12,0.41360813,-0.5490282,-0.2992716,10.62315,903,71,955,731,1
1.54764E+12,0.46736425,-0.36803758,-0.6894574,12.134466,912,113,955,725,1
1.54764E+12,0.65154886,-0.48621383,-0.7629183,9.375904,922,113,950,734,1
1.54764E+12,0.5637239,-0.014032447,-0.81828016,9.329132,924,155,947,735,1
1.54764E+12,0.599922,-0.11039207,-0.77091193,10.103617,923,179,951,734,1
1.54764E+12,0.60472167,0.32503265,-0.7884699,10.501266,924,170,952,730,1
1.54764E+12,0.6441138,-0.05396558,-0.7309788,8.146654,915,160,955,731,1
1.54764E+12,0.85224426,-0.18011798,-0.05386086,11.621474,920,149,956,725,1
1.54764E+12,0.7021285,0.5518033,-0.4142539,14.333234,923,182,956,724,1
1.54764E+12,0.9241169,0.40435788,-0.59950316,9.042785,920,221,958,709,1
1.54764E+12,0.93315774,0.47408378,-0.40732494,11.49417,921,241,959,705,1
1.54764E+12,1.2940744,0.35112533,-0.28808406,12.365592,925,265,960,704,1
1.54764E+12,0.73780304,0.20526817,-0.33279938,11.00129,918,304,961,686,1
1.54764E+12,0.32204816,0.053023104,-0.06611307,9.128124,914,351,961,674,1
1.54764E+12,0.17566739,0.006178466,-0.1023112,9.992537,902,313,959,645,1
1.54764E+12,-0.11070623,-0.21898647,-0.19067723,6.869827,850,339,956,621,1
1.54764E+12,-0.101124376,0.10890854,-0.41797146,7.438737,843,361,940,599,1
1.54764E+12,0.66167176,0.14884168,-0.6995803,4.206402,847,376,933,587,1
1.54764E+12,0.49080405,0.2728648,-0.7448193,4.048643,841,379,877,483,1
1.54764E+12,0.5057092,0.26008895,-0.5915095,3.5734036,837,384,851,324,1
1.54764E+12,0.2512576,0.0514174,-0.51804864,4.1735053,785,419,881,67,1
1.54764E+12,0.9816081,0.062063906,0.034487706,4.7171516,845,448,888,13,1
1.54764E+12,1.1817625,-0.072064646,0.28680995,3.8996758,825,488,900,25,1
1.54764E+12,1.4101213,-0.7039262,0.9144129,5.5094986,828,506,914,65,1
1.54764E+12,0.08676032,0.21643828,0.4182856,8.837496,824,442,889,31,1
1.54764E+12,0.014381513,1.0612475,-0.7501425,1.1078354,862,428,840,38,1
1.54764E+12,0.34547046,0.8318065,-0.8294677,7.1480136,823,423,929,104,1
1.54764E+12,1.0949847,1.1975228,-0.4355469,4.967882,898,451,863,83,1
1.54764E+12,1.5187157,0.3718773,0.36824703,4.675225,925,475,926,117,1
1.54764E+12,0.36730453,-0.7481179,1.3322971,11.203858,936,497,921,90,1
1.54764E+12,-1.1535405,0.043441243,0.11911872,10.738589,936,492,932,44,1
1.54764E+12,-0.801141,1.5584394,-0.6633822,4.797703,936,502,934,277,1
1.54764E+12,-0.7904771,1.1554604,-0.40041342,4.774067,927,511,945,371,1
1.54764E+12,-1.1492819,1.1464195,-0.13690363,6.681556,927,441,949,324,1
1.54764E+12,-1.6698961,0.9116553,-0.13744467,5.185343,930,348,949,324,1
1.54764E+12,-0.7670722,0.64283967,0.17608626,6.4738255,943,407,950,268,1
1.54764E+12,-0.47907543,-0.15404277,-0.1736428,11.173615,945,458,965,254,1
1.54764E+12,-0.26827455,-0.31107002,-0.1656492,6.810786,945,424,966,255,1
1.54764E+12,0.11711159,-0.8982337,0.2506118,11.3032465,946,333,968,263,1
1.54764E+12,-1.2498826,-0.5484872,-0.18854792,10.761305,946,206,969,237,1
1.54764E+12,-0.88737774,-0.0773879,-0.19919443,5.0969777,943,38,969,250,1
1.54764E+12,-0.5355019,-0.1338144,0.03874631,7.5355678,943,33,969,248,1
1.54764E+12,-0.015411257,-0.050230574,0.002007129,10.0138445,947,128,969,198,1
1.54764E+12,-0.22834143,-0.30574676,-0.14809118,8.0873165,944,147,969,183,1
1.54764E+12,-0.50089204,-0.30735248,-0.4839798,6.163815,935,79,968,254,1
1.54764E+12,-0.5610535,-0.48514917,-0.4600339,5.2095532,921,50,967,338,1
1.54764E+12,-0.27146852,-0.29670596,-0.48026225,5.1612186,889,13,963,356,1
1.54764E+12,0.17407914,-0.4713087,-0.269985,6.2422967,761,0,960,406,1
1.54764E+12,-0.19268435,-0.25305527,-0.740037,4.848,426,0,941,493,1
1.54764E+12,-0.3257657,0.616747,-0.81349796,2.2766178,280,0,874,546,1
1.54764E+12,-0.7031757,-0.70872587,-0.2891487,2.637376,402,0,610,590,1
1.54764E+12,-0.89215994,-0.34674457,-0.42010075,7.019608,612,0,681,623,1
1.54764E+12,-0.2986084,0.13285446,-0.66497046,10.173289,668,0,690,629,1
1.54764E+12,0.05003859,0.7343996,-1.3660518,8.256232,752,0,670,622,1
1.54764E+12,-0.005288348,0.3138451,-1.7796599,6.7047415,839,14,642,605,1
1.54764E+12,0.37582174,0.20739748,-1.8909246,6.9212446,781,97,662,602,1
1.54764E+12,0.759096,0.022148227,-1.0072644,9.378615,881,111,906,616,1
1.54764E+12,0.48708647,-0.14179055,-0.6181258,16.45437,901,103,925,626,1
1.54764E+12,0.41681954,0.69127256,-0.95190257,14.651528,894,78,940,647,1
1.54764E+12,0.78997093,1.2959943,-1.1403458,16.048258,897,84,928,677,1
1.54764E+12,0.6143035,0.22069688,-1.1983606,9.135441,924,96,905,691,1
1.54764E+12,1.8817791,1.4556918,-1.3442177,12.122869,930,94,914,702,1
1.54764E+12,2.0510585,1.7479472,-1.2920498,14.770682,903,44,946,719,1
1.54764E+12,1.4851879,2.507567,-1.0604969,25.578243,917,14,961,713,1
1.54764E+12,0.87620765,1.4120412,-1.4735814,19.856993,931,0,963,672,1
1.54764E+12,1.0002482,1.2645957,-1.4256722,19.958382,945,0,964,603,1
1.54764E+12,2.0622287,0.35430184,-0.14435618,11.154931,959,127,966,651,1
1.54764E+12,2.1261077,0.47141343,-2.1219537,15.629291,859,87,963,575,1
1.54764E+12,0.2651155,-2.3631933,-1.5411781,11.197202,861,75,947,455,1
1.54764E+12,1.6353211,-0.7598291,-0.21729349,3.3713233,902,43,921,380,1
1.54764E+12,1.9004192,2.1998827,-1.3633814,8.609712,904,15,951,532,1
1.54764E+12,0.8810073,-1.0462202,-0.62611943,15.66394,921,15,965,587,1
1.54764E+12,1.0614743,0.5560619,-1.3899977,10.735553,919,32,962,594,1
1.54764E+12,0.69949305,0.73172927,-0.71181506,6.3184133,914,36,955,556,1
1.54764E+12,1.0667976,0.9345365,-0.810304,8.9644375,909,58,955,556,1
1.54764E+12,1.2009436,0.8169013,-0.8204095,9.268318,906,49,938,596,1
1.54764E+12,0.9395631,0.91697854,-0.61706114,9.032949,902,51,937,612,1
1.54764E+12,0.8011585,1.153331,-0.5143311,7.974875,896,55,940,613,1
1.54764E+12,0.77721256,0.9382715,-0.383379,8.397174,898,58,937,610,1
1.54764E+12,0.79583526,0.8270068,-0.37325612,8.997697,897,64,946,600,1
1.54764E+12,0.5552241,0.7067013,-0.41531855,9.551496,896,47,953,590,1
1.54764E+12,0.5871637,0.70404834,-0.4275533,8.676846,899,41,957,601,1
1.54764E+12,0.5355368,0.4959004,-0.404131,8.006297,899,33,957,602,1
1.54764E+12,0.5903576,0.53422785,-0.36580357,8.53779,905,43,958,599,1
1.54764E+12,0.59037507,0.3351381,-0.2976659,7.961161,910,54,958,583,1
1.54764E+12,0.59835124,0.25476572,-0.20664698,8.39366,915,60,957,562,1
1.54764E+12,0.656907,0.33194417,-0.13477433,8.139826,919,61,956,564,1
1.54764E+12,0.5637588,0.19353956,-0.06133087,8.0515375,919,65,954,564,1
1.54764E+12,0.47378707,0.2733884,0.07068583,8.358206,917,55,954,575,1
1.54764E+12,0.40671408,0.30000463,0.17341591,8.157017,909,54,951,580,1
1.54764E+12,0.32260665,0.1126261,0.32140237,8.168288,890,40,948,594,1
1.54764E+12,0.28373817,0.13552481,0.2905275,8.716925,870,52,944,609,1
1.54764E+12,0.44558257,0.08388052,0.2506118,7.8782263,872,57,943,615,1
1.54764E+12,0.23424064,-0.2653075,0.32833135,8.449943,882,66,944,609,1
1.54764E+12,0.07827802,-0.24720843,0.34323645,8.438086,891,115,935,602,1
1.54764E+12,0.08838347,-0.20408134,0.3277903,8.05578,890,149,915,608,1
1.54764E+12,0.29066715,-0.18811159,0.31714377,8.531939,886,165,885,617,1
1.54764E+12,0.34655258,-0.016179202,0.25167647,8.682496,882,177,887,623,1
1.54764E+12,0.48391,-0.0731293,0.16650441,9.742457,873,196,890,630,1
1.54764E+12,0.39552653,0.11794935,0.08133234,8.541209,866,206,900,634,1
,,,,,,,,,
,,,,,,,,,
,,,,,,,,,
,,,,,,,,,
,,,,,,,,,
,,,,,,,,,
,,,,,,,,,
,,,,,,,,,
,,,,,,,,,
,,,,,,,,,
,,,,,,,,,
,,,,,,,,,
,,,,,,,,,
,,,,,,,,,
,,,,,,,,,
,,,,,,,,,
,,,,,,,,,
,,,,,,,,,
,,,,,,,,,
,,,,,,,,,
,,,,,,,,,
,,,,,,,,,
,,,,,,,,,
,,,,,,,,,
,,,,,,,,,
,,,,,,,,,
,,,,,,,,,
,,,,,,,,,
,,,,,,,,,
,,,,,,,,,
,,,,,,,,,
,,,,,,,,,
,,,,,,,,,
,,,,,,,,,
,,,,,,,,,
,,,,,,,,,
,,,,,,,,,
,,,,,,,,,
,,,,,,,,,
,,,,,,,,,
,,,,,,,,,
,,,,,,,,,
,,,,,,,,,
,,,,,,,,,
,,,,,,,,,
,,,,,,,,,
,,,,,,,,,
,,,,,,,,,
,,,,,,,,,
,,,,,,,,,
,,,,,,,,,
,,,,,,,,,
,,,,,,,,,
,,,,,,,,,
,,,,,,,,,
,,,,,,,,,
,,,,,,,,,
,,,,,,,,,
,,,,,,,,,
,,,,,,,,,
,,,,,,,,,
,,,,,,,,,
,,,,,,,,,
,,,,,,,,,
,,,,,,,,,
,,,,,,,,,
,,,,,,,,,
,,,,,,,,,
,,,,,,,,,
,,,,,,,,,
,,,,,,,,,
,,,,,,,,,
,,,,,,,,,
,,,,,,,,,
,,,,,,,,,
,,,,,,,,,
,,,,,,,,,
,,,,,,,,,
,,,,,,,,,
,,,,,,,,,
,,,,,,,,,
,,,,,,,,,
,,,,,,,,,
,,,,,,,,,
,,,,,,,,,
,,,,,,,,,
,,,,,,,,,
,,,,,,,,,
,,,,,,,,,
,,,,,,,,,
,,,,,,,,,
,,,,,,,,,
,,,,,,,,,
,,,,,,,,,
,,,,,,,,,
,,,,,,,,,
,,,,,,,,,
,,,,,,,,,
,,,,,,,,,
,,,,,,,,,
,,,,,,,,,
,,,,,,,,,
,,,,,,,,,
,,,,,,,,,
,,,,,,,,,
,,,,,,,,,
,,,,,,,,,
,,,,,,,,,
,,,,,,,,,
,,,,,,,,,
,,,,,,,,,
,,,,,,,,,
,,,,,,,,,
,,,,,,,,,
,,,,,,,,,
,,,,,,,,,
,,,,,,,,,
,,,,,,,,,
,,,,,,,,,
,,,,,,,,,
,,,,,,,,,
,,,,,,,,,
,,,,,,,,,
,,,,,,,,,
,,,,,,,,,
,,,,,,,,,
,,,,,,,,,
,,,,,,,,,
,,,,,,,,,
,,,,,,,,,
,,,,,,,,,
,,,,,,,,,
,,,,,,,,,
,,,,,,,,,
,,,,,,,,,
,,,,,,,,,
,,,,,,,,,
,,,,,,,,,
,,,,,,,,,
,,,,,,,,,
,,,,,,,,,
,,,,,,,,,
,,,,,,,,,
,,,,,,,,,
,,,,,,,,,
,,,,,,,,,
,,,,,,,,,
,,,,,,,,,
,,,,,,,,,
,,,,,,,,,
,,,,,,,,,
,,,,,,,,,
,,,,,,,,,
,,,,,,,,,
,,,,,,,,,
,,,,,,,,,
,,,,,,,,,
,,,,,,,,,
,,,,,,,,,
,,,,,,,,,
,,,,,,,,,
,,,,,,,,,
,,,,,,,,,
,,,,,,,,,
,,,,,,,,,
,,,,,,,,,
,,,,,,,,,
,,,,,,,,,
,,,,,,,,,
,,,,,,,,,
,,,,,,,,,
,,,,,,,,,
,,,,,,,,,
,,,,,,,,,
,,,,,,,,,
,,,,,,,,,
,,,,,,,,,
,,,,,,,,,
,,,,,,,,,
,,,,,,,,,
,,,,,,,,,
,,,,,,,,,
,,,,,,,,,
,,,,,,,,,
,,,,,,,,,
,,,,,,,,,
,,,,,,,,,
,,,,,,,,,
,,,,,,,,,
,,,,,,,,,
,,,,,,,,,
,,,,,,,,,
,,,,,,,,,
,,,,,,,,,
,,,,,,,,,
,,,,,,,,,
,,,,,,,,,
,,,,,,,,,
,,,,,,,,,
,,,,,,,,,
,,,,,,,,,
,,,,,,,,,
,,,,,,,,,
,,,,,,,,,
,,,,,,,,,
,,,,,,,,,
,,,,,,,,,
,,,,,,,,,
,,,,,,,,,
,,,,,,,,,
,,,,,,,,,
,,,,,,,,,
,,,,,,,,,
,,,,,,,,,
,,,,,,,,,
,,,,,,,,,
,,,,,,,,,
,,,,,,,,,
,,,,,,,,,
,,,,,,,,,
,,,,,,,,,
,,,,,,,,,
,,,,,,,,,
,,,,,,,,,
,,,,,,,,,
,,,,,,,,,
,,,,,,,,,
,,,,,,,,,
,,,,,,,,,
,,,,,,,,,
,,,,,,,,,
,,,,,,,,,
,,,,,,,,,
,,,,,,,,,
,,,,,,,,,
,,,,,,,,,
,,,,,,,,,
,,,,,,,,,
,,,,,,,,,
,,,,,,,,,
,,,,,,,,,
,,,,,,,,,
,,,,,,,,,
,,,,,,,,,
,,,,,,,,,
,,,,,,,,,
,,,,,,,,,
,,,,,,,,,
,,,,,,,,,
,,,,,,,,,
,,,,,,,,,
,,,,,,,,,
,,,,,,,,,
,,,,,,,,,
,,,,,,,,,
,,,,,,,,,
,,,,,,,,,
,,,,,,,,,
,,,,,,,,,
,,,,,,,,,
,,,,,,,,,
,,,,,,,,,
,,,,,,,,,
,,,,,,,,,
,,,,,,,,,
,,,,,,,,,
,,,,,,,,,
,,,,,,,,,
,,,,,,,,,
,,,,,,,,,
,,,,,,,,,
,,,,,,,,,
,,,,,,,,,
,,,,,,,,,
,,,,,,,,,
,,,,,,,,,
,,,,,,,,,
,,,,,,,,,
,,,,,,,,,
,,,,,,,,,
,,,,,,,,,
,,,,,,,,,
,,,,,,,,,
,,,,,,,,,
,,,,,,,,,
,,,,,,,,,
,,,,,,,,,
,,,,,,,,,
,,,,,,,,,
,,,,,,,,,
,,,,,,,,,
,,,,,,,,,
,,,,,,,,,
,,,,,,,,,
,,,,,,,,,
,,,,,,,,,
,,,,,,,,,
,,,,,,,,,
,,,,,,,,,
,,,,,,,,,
,,,,,,,,,
,,,,,,,,,
,,,,,,,,,
,,,,,,,,,