Time;GyroX;GyroY;GyroZ;Accelerometer;HeelLeft;FrontLeft;HeelRight;FrontRight
1,54764E+12;-5511924;8154178;-22047;9232244;883;265;892;542
1,54764E+12;8386307;32780772;-20237093;8703268;881;257;896;550
1,54764E+12;26591837;37358773;-24574235;8943866;881;252;900;558
1,54764E+12;51923543;13936454;-10655235;9371738;882;242;903;565
1,54764E+12;25830872;30812043;-18905406;9079866;881;232;906;571
1,54764E+12;-8806931;3459068;-18959512;88207;881;229;912;577
1,54764E+12;-9445722;16704546;-72483525;8630925;880;228;915;584
1,54764E+12;-19390607;14276793;9838421;8944019;879;227;916;587
1,54764E+12;551175;11168362;13990559;889828;879;225;918;591
1,54764E+12;18606955;2438225;21495475;9119763;879;222;920;594
1,54764E+12;25579545;-59166662;19685568;9721483;879;216;922;595
1,54764E+12;6841691;-11798426;17470745;9768343;879;208;924;597
1,54764E+12;13596115;21188296;16929694;91454;878;213;924;600
1,54764E+12;29565878;-5810201;5206317;9567287;878;221;924;602
1,54764E+12;7747517;-12091641;31311207;9740158;879;226;922;603
1,54764E+12;95033176;14800392;2024582;9071227;876;230;918;602
1,54764E+12;56199604;16929694;5312782;941177;874;233;916;599
1,54764E+12;-14067354;-6108,6525;76026544;8949439;873;237;915;598
1,54764E+12;-12479104;-9749409;69097586;9578502;869;242;914;597
1,54764E+12;-6197664;-13475688;7347836;9093533;868;244;912;598
1,54764E+12;-21519909;-8152433;4834562;9656016;867;243;913;597
1,54764E+12;-17800613;-13386675;-79395026;9706851;866;243;913;598
1,54764E+12;-12266174;-47996555;-6874852;9437522;865;247;913;597
1,54764E+12;-9978047;-9697049;-17645279;8754379;861;251;913;599
1,54764E+12;-10562733;-20928243;56321774;8399042;858;261;911;599
1,54764E+12;567232;-32587042;24104743;9259087;854;267;907;600
1,54764E+12;-3694862;-43127087;18940313;10190316;853;283;906;596
1,54764E+12;45012042;-24335125;10051351;9791701;850;299;905;592
1,54764E+12;-72082095;-44191736;12819444;9154546;847;309;898;588
1,54764E+12;-5676683;-8258898;40893063;9361941;844;312;888;586
1,54764E+12;-45216244;-10192723;59515726;8455296;844;308;881;582
1,54764E+12;-22273892;-12678072;24923302;9312535;846;305;875;573
1,54764E+12;-50265484;-10068805;-52255157;9214392;850;299;876;558
1,54764E+12;-2062281;-26038566;-8258898;9007791;854;288;878;539
1,54764E+12;-7740535;5237035;-25773278;9478338;857;288;880;528
1,54764E+12;10782644;21123719;-18001325;8780266;860;289;886;518
1,54764E+12;1818284;49122292;-18533652;85822935;866;281;890;513
1,54764E+12;7162831;35922366;-60772363;8086502;877;274;884;504
1,54764E+12;-21580996;-16084954;-59707712;8774079;886;293;869;480
1,54764E+12;-683471;-3306701;-12411036;10127512;891;297;875;465
1,54764E+12;36334264;-4211654;-4610811;937261;895;290;886;457
1,54764E+12;6848672;-54147094;-49408525;10029254;897;286;891;450
1,54764E+12;85255843;-2225993;-4408527;72621884;897;279;893;451
1,54764E+12;5757492;-1028348;-11878711;79614487;895;265;908;452
1,54764E+12;5778785;-103358395;-12997466;8126093;892;251;922;460
1,54764E+12;8377,5807;-13210396;-14992379;8890868;882;240;927;466
1,54764E+12;8386307;18535396;16013396;8902762;872;223;930;477
1,54764E+12;4123166;20484929;16917476;9593049;854;208;933;496
1,54764E+12;4959004;35548866;12552407;9135498;817;186;934;513
1,54764E+12;32077405;28202775;8412487;8398544;821;178;932;534
1,54764E+12;2819056;34271285;-8604473;8415954;847;177;928;536
1,54764E+12;29059732;16917476;53668875;8569404;850;180;925;532
1,54764E+12;-9922197;26499334;13617058;8426221;862;185;922;534
1,54764E+12;-48249626;7974409;1160644;1087706;863;172;926;528
1,54764E+12;-8492772;5407379;-25612706;10422209;868;158;929;514
1,54764E+12;-1977109;-9431759;-4653397;1011283;860;165;932;492
1,54764E+12;9346238;-10602875;-2209936;7019062;849;169;934;482
1,54764E+12;29309314;10529571;-7300712;8700137;841;173;936;487
1,54764E+12;39165188;48644072;-12623966;9930489;843;172;942;492
1,54764E+12;-41648793;3480361;-2918016;9439705;845;166;941;502
1,54764E+12;-5421167;20856684;-3045774;9153627;848;171;944;495
1,54764E+12;-63048273;-26679102;-27742007;8432752;857;166;943;490
1,54764E+12;-43404594;-25188592;-32320008;915876;864;164;938;482
1,54764E+12;-6086661;-51963687;-41156608;8377638;867;160;931;475
1,54764E+12;-73640674;-58512163;-44776422;880391;870;165;928;469
1,54764E+12;-811997;-3524867;-55477035;7325376;863;175;909;478
1,54764E+12;-66987485;-25240952;-34662238;8506657;876;182;914;476
1,54764E+12;-57990307;-20078267;-21673499;7591391;879;188;909;468
1,54764E+12;-4079707;-27743754;-13927727;7501388;883;199;920;461
1,54764E+12;-5623451;-26199138;7888888;8005502;884;204;917;469
1,54764E+12;-55702186;-21301743;42481314;79345284;883;205;919;476
1,54764E+12;-48727846;-23165755;6112143;78505297;885;217;921;483
1,54764E+12;-41381755;-16884315;10264281;8162839;878;212;914;492
1,54764E+12;-38613665;-16723745;68032935;81314945;874;213;918;498
1,54764E+12;-27701867;-20291197;925199;7693777;879;204;912;501
1,54764E+12;-23335052;-23378685;7761479;80714855;869;200;913;503
1,54764E+12;-23335052;-23378685;7761479;80714855;871;194;913;503
1,54764E+12;-24827309;-18107791;54733526;8407775;851;195;916;501
1,54764E+12;-13222614;-14116223;52185343;8025661;866;201;919;496
1,54764E+12;-54506633;-9909979;4834562;802523;866;200;926;492
1,54764E+12;4129449;-11773991;23858652;8215847;871;200;923;493
1,54764E+12;-31066861;-11986921;4694936;8069005;877;193;914;514
1,54764E+12;3141,5926;-111352004;-1712168;8434609;881;166;910;523
1,54764E+12;4769985;-11880456;-11257374;79537487;882;178;912;522
1,54764E+12;6632251;-15606734;3396411;7549119;883;181;899;528
1,54764E+12;8602728;-121457465;55257123;8302612;883;187;899;529
1,54764E+12;9187413;-97511545;3876376;8348973;882;186;883;527
1,54764E+12;-33196162;-15873769;25446901;8385414;879;197;883;529
1,54764E+12;-19715239;-7408923;-30962141;82865715;878;201;903;526
1,54764E+12;-118909284;-61837014;54192472;72430444;875;199;908;529
1,54764E+12;-118909284;-21036454;15906931;74745345;874;212;909;537
1,54764E+12;-19076449;-2785022;18940313;8055407;879;214;914;540
1,54764E+12;-14552556;-5440191;16704546;8656954;880;227;906;545
1,54764E+12;-7258824;-12412781;21443115;7679584;883;235;886;552
1,54764E+12;29059732;98907806;49443433;8062168;878;237;885;559
1,54764E+12;104370685;57910025;5843886;8040859;871;236;839;561
1,54764E+12;-11145672;3715806;6647785;8607367;861;218;814;561
1,54764E+12;-12582079;58433622;5796064;9299434;837;204;830;566
1,54764E+12;48223447;-1070934;50082225;9213798;827;191;846;577
1,54764E+12;14351842;-7143632;33206636;10998647;834;209;879;589
1,54764E+12;24466026;-5333726;15800466;9897697;835;215;892;598
1,54764E+12;2521128;23841197;856084;91049385;831;221;896;605
1,54764E+12;26221827;61627574;81873395;9505805;836;228;901;612
1,54764E+12;3085393;1584759;14203489;9276603;839;223;915;616
1,54764E+12;21643828;7014478;106901415;1062767;847;226;928;619
1,54764E+12;37028906;-7037167;114877574;9866276;855;225;935;626
1,54764E+12;3335499;19524999;25446901;10203168;853;221;937;629
1,54764E+12;2372077;417762;3822271;9174111;853;205;939;627
1,54764E+12;6633996;19844393;-27401668;9717557;853;199;936;628
1,54764E+12;18662806;26391125;-11519173;9394224;856;200;933;630
1,54764E+12;12541936;30862656;-11798426;9261673;857;184;939;630
1,54764E+12;-22008602;29958576;-11506956;9659408;862;182;939;628
1,54764E+12;-5129523;29958576;-20450023;9310428;872;188;940;627
1,54764E+12;-13966125;2085494;-28434905;8835073;887;204;939;617
1,54764E+12;-14444345;11327187;-2673146;8337865;898;216;935;599
1,54764E+12;-9014626;14201744;-13156292;8545863;904;224;928;577
1,54764E+12;-56618482;16809265;-61295964;9105044;904;220;930;553
1,54764E+12;-63006386;9943141;-21380283;9328241;903;211;934;532
1,54764E+12;-1540253;-7728318;6963864;8738473;902;213;936;523
1,54764E+12;-13592625;-28850293;120741874;8775717;899;211;936;523
1,54764E+12;-13433799;-11986921;10636036;933504;895;213;936;533
1,54764E+12;-83758354;-70162234;8667305;9510488;889;214;936;556
1,54764E+12;33859387;-1446878;7496189;9427045;884;216;934;577
1,54764E+12;9402089;-44279;10848966;8995284;883;221;932;590
1,54764E+12;14990632;-16074482;117006876;9699457;879;223;930;598
1,54764E+12;27394688;-9911725;10264281;81988;872;212;932;607
1,54764E+12;26330036;-15554374;20856684;9059994;863;200;933;609
1,54764E+12;24839526;-106569804;15639895;9731511;860;191;934;610
1,54764E+12;1850398;-16884315;68032935;9619643;864;196;936;606
1,54764E+12;3174754;-13425073;6963864;878536;863;194;934;606
1,54764E+12;-14018485;19582594;63250735;9667451;866;192;931;606
1,54764E+12;-21099286;33946656;3663446;8860596;864;200;920;608
1,54764E+12;-60877085;-15873769;11061897;9314747;862;203;911;609
1,54764E+12;58887407;-1007055;12339478;974963;861;203;909;609
1,54764E+12;16055284;-81541784;52604225;9726205;862;211;909;608
1,54764E+12;16002923;-67701325;3450516;9002744;861;214;910;608
1,54764E+12;20687388;-20717058;80808744;8785073;857;212;910;609
1,54764E+12;19409807;-3434459;12658873;975552;849;196;915;608
1,54764E+12;17441075;-8421214;10157816;9054497;836;180;923;608
1,54764E+12;14460053;-17097245;10477211;9111135;830;182;924;609
1,54764E+12;12915437;-6717772;96778505;932962;827;186;925;610
1,54764E+12;7592182;-45884706;10477211;9220751;825;191;927;609
1,54764E+12;-75764745;-45884706;11328932;924792;824;191;925;609
1,54764E+12;17366026;-13850933;14522885;9066727;822;195;925;609
1,54764E+12;8124508;-11986921;18887953;8739727;812;200;926;609
1,54764E+12;14034192;-21357594;24902357;8996031;798;196;927;608
1,54764E+12;23230333;-22261675;1425585;9066689;777;183;929;609
1,54764E+12;-6937684;-114545956;10541788;101736145;762;180;933;609
1,54764E+12;-38718385;-18374826;-474555;9266652;755;178;934;608
1,54764E+12;-59479076;-5440191;9997246;8548315;749;175;936;607
1,54764E+12;-6559994;-13796827;97843155;9546343;747;182;937;608
1,54764E+12;-45158648;24794148;10051351;91335535;755;191;935;617
1,54764E+12;-45158648;24794148;10051351;91335535;764;195;935;617
1,54764E+12;-40847686;18193312;68032935;9588394;778;197;934;619
1,54764E+12;-4159294;27295205;132121425;9454818;797;203;933;618
1,54764E+12;-25994933;-34697145;52185343;9407153;812;207;932;612
1,54764E+12;-16893041;-8794714;-2883284;9032471;828;206;932;607
1,54764E+12;-76829396;-347146;20647245;9035191;839;205;930;602
1,54764E+12;-80564395;-13159783;47804568;87556715;846;205;930;592
1,54764E+12;-61924282;-14809118;9623746;9419354;844;204;928;591
1,54764E+12;-94387405;-19760618;9836676;8938684;823;204;912;605
1,54764E+12;-19235274;-5440191;16543975;9585081;805;201;893;616
1,54764E+12;-23172736;-108699106;45675267;9912656;801;195;898;614
1,54764E+12;-148161;-21090558;84002696;9104661;809;200;911;611
1,54764E+12;-22055726;-6398377;46198864;9323423;820;207;917;603
1,54764E+12;-13060299;-26254988;946492;8753125;837;216;922;588
1,54764E+12;9930924;-3471809;13350023;8866169;850;220;928;561
1,54764E+12;43982297;-29129544;925199;8859015;857;225;932;526
1,54764E+12;63687064;-2338043;6642723;8763888;843;236;921;537
1,54764E+12;-53407077;-14330898;13829988;83600445;826;289;898;571
1,54764E+12;-13803808;-2801079;22666591;9010646;786;329;842;588
1,54764E+12;-18542378;-12520991;21921335;9118069;775;338;835;586
1,54764E+12;-20298178;-30246556;24476497;883313;746;351;837;579
1,54764E+12;-10290461;8237954;26764625;9175587;702;356;849;585
1,54764E+12;-40090214;24368288;23677136;9300908;684;348;860;589
1,54764E+12;-8693485;5311037;28042206;8379859;693;325;868;595
1,54764E+12;-10185742;-11292281;35761797;852964;695;310;846;601
1,54764E+12;-13590878;-959233;29054496;9053493;673;331;805;614
1,54764E+12;-73635444;-8847074;31716123;9289532;670;335;778;624
1,54764E+12;-95452055;413643;28841567;9282837;644;334;797;633
1,54764E+12;27488936;1483879;32354912;916262;655;302;826;639
1,54764E+12;-6618288;19045033;36240017;8952179;667;273;864;640
1,54764E+12;-31902874;1542522;4087212;8656524;684;257;885;642
1,54764E+12;-3408628;-47600365;5604252;9215522;703;245;889;641
1,54764E+12;-40900046;-5649107;57107174;9017972;718;236;884;640
1,54764E+12;-3349985;-3573038;4220206;8633176;726;237;864;639
1,54764E+12;-17423622;-37273252;4656713;9151204;740;244;836;639
1,54764E+12;32288592;-74630275;42575562;9091531;731;243;789;641
1,54764E+12;4187045;-32217032;3629412;8187011;703;251;744;644
1,54764E+12;-14655529;-38072613;3437775;8193619;648;291;712;647
1,54764E+12;-5378232;-5936563;26019368;9149001;613;337;682;654
1,54764E+12;-437205;-91664694;28202775;8624613;627;365;690;656
1,54764E+12;-52450633;11698942;30545008;8723398;653;374;714;655
1,54764E+12;-74649477;6534512;2075022;8639821;671;367;714;653
1,54764E+12;-9764593;7333873;9145525;9026993;685;365;721;651
1,54764E+12;-1065349;9459685;15323991;8446687;723;356;724;643
1,54764E+12;-11627558;13348278;10262536;8262228;762;352;740;632
1,54764E+12;-10759954;1675516;18779743;8125069;796;356;745;623
1,54764E+12;-95356065;20481439;24528857;77078257;830;352;741;618
1,54764E+12;-7730936;-54942966;27776915;8052371;841;350;689;616
1,54764E+12;-6889862;81855945;2617994;79343553;836;359;653;616
1,54764E+12;-41964698;16968091;30810297;8173029;826;363;672;621
1,54764E+12;-27272514;22026055;25647613;8757377;820;359;721;625
1,54764E+12;-25994933;23197171;16118115;9133861;820;345;747;631
1,54764E+12;-22108085;24420647;62168628;9159938;818;345;771;629
1,54764E+12;-20457004;3496069;-11274827;8831818;808;362;808;625
1,54764E+12;-24663247;30382693;-59707712;8754398;793;374;818;625
1,54764E+12;-23544492;21600194;-69830626;8579478;791;380;842;622
1,54764E+12;-31103513;16861627;-59184115;8912905;792;386;872;611
1,54764E+12;-35416222;11805407;-4321435;8838771;794;399;884;604
1,54764E+12;-29719466;85573494;-24050636;8366155;794;416;893;598
1,54764E+12;-24130923;48310712;6806784;8941759;789;431;900;594
1,54764E+12;-25834364;16648696;-70162234;8517612;784;445;914;587
1,54764E+12;-22001621;-8634144;45675267;8099537;789;457;914;589
1,54764E+12;-3722613;-8621926;10541788;76381836;784;472;909;580
1,54764E+12;-47924995;-39617229;23317598;87003565;794;482;897;553
1,54764E+12;-45743334;-38392007;7920304;8685408;802;489;904;478
1,54764E+12;-5058662;-43821725;12445943;8410983;807;495;908;319
1,54764E+12;-43294638;-48452085;17076302;8391476;822;498;907;112
1,54764E+12;-24715607;-32801718;1452114;7777785;833;503;892;37
1,54764E+12;-8906415;-20132373;1446878;76300526;837;496;862;25
1,54764E+12;11426671;-14489724;23570672;9065281;842;471;864;28
1,54764E+12;11054915;6428047;23464206;8745779;835;481;861;54
1,54764E+12;15685274;17287487;30757937;8262668;821;487;868;133
1,54764E+12;-28902652;-22848105;38156387;73931894;819;491;864;188
1,54764E+12;-15240215;71733035;33258995;69585176;809;494;777;223
1,54764E+12;19891517;27773425;22773056;8920632;790;499;773;246
1,54764E+12;9457939;31180307;12658873;8542569;773;501;804;288
1,54764E+12;-1385617;25591764;18566813;9039519;743;508;829;328
1,54764E+12;-21149899;33416075;12871803;8571471;710;510;836;377
1,54764E+12;-26047292;19470893;29705504;8403111;725;503;870;396
1,54764E+12;-3333928;20268509;-27576203;8057369;748;497;886;398
1,54764E+12;-23650956;2008874;7016224;8825132;793;484;901;382
1,54764E+12;-11459832;-114039816;10210176;953283;826;480;905;365
1,54764E+12;-6038141;10267248;-27317894;49933186;764;469;903;363
1,54764E+12;-6751457;-52712435;-13927727;60680947;680;469;904;358
1,54764E+12;-38610172;-39669588;27829275;11342253;791;476;919;337
1,54764E+12;-53302354;312763;-16990781;115636215;831;496;920;366
1,54764E+12;-16730726;30543262;-25295058;8718667;861;503;920;390
1,54764E+12;-5324825;34906584;-291278;76951175;862;486;917;389
1,54764E+12;-7353072;-107651904;-12339477;47297645;849;479;919;383
1,54764E+12;-6517234;-54894096;19950859;8009447;868;466;928;336
1,54764E+12;-4787089;-46270424;2101551;10064783;889;472;929;310
1,54764E+12;-4025951;66409774;-421497;10996492;897;487;930;312
1,54764E+12;-3658559;-368439;-1028348;73873096;895;492;933;343
1,54764E+12;-12737413;7119198;7871435;8471883;896;457;937;367
1,54764E+12;2591814;20629792;-10177015;10133401;897;412;945;353
1,54764E+12;33370696;-53878315;-14913839;93767185;894;389;952;342
1,54764E+12;9457939;-11510447;-16884315;851245;891;336;955;358
1,54764E+12;7169812;-6026622;-25347418;8521347;893;319;957;387
1,54764E+12;7489208;-102852255;-29873055;71102047;886;369;956;436
1,54764E+12;25321236;-117757365;-20504127;8198982;878;380;957;451
1,54764E+12;4235565;-17153096;-23963371;9281295;880;367;957;431
1,54764E+12;7115533;-32909927;-2353751;9541814;890;342;957;437
1,54764E+12;61306435;-40575415;-21568778;9847974;890;301;957;441
1,54764E+12;7376285;-41959462;-24017476;8540185;892;209;957;469
1,54764E+12;7557276;-57768655;-97511545;10342684;893;128;958;487
1,54764E+12;5332155;-2960951;-17736036;9109267;888;60;957;518
1,54764E+12;31976178;-32429963;-7621853;63029656;874;36;954;580
1,54764E+12;24150121;-48932052;13829988;72829027;836;3;950;636
1,54764E+12;19891517;-25935593;2724459;9554263;808;0;946;666
1,54764E+12;5092871;-4217239;33632496;8685925;799;0;941;687
1,54764E+12;2915398;-14330898;36027086;7496236;786;28;931;695
1,54764E+12;3021863;-2247635;44610616;8280749;804;108;911;697
1,54764E+12;37512362;-9008168;23570672;11226038;871;107;879;691
1,54764E+12;3815115;-5579992;-8080875;9927221;894;110;889;664
1,54764E+12;7897964;-5531995;43545965;10088487;901;93;818;663
1,54764E+12;6583207;20268509;-12465142;9233354;880;36;824;671
1,54764E+12;61041147;30967376;-2625324;6856285;842;0;832;679
1,54764E+12;5736723;-394043;20217894;8399128;746;0;847;691
1,54764E+12;25375342;59234726;7761479;10142605;757;0;903;697
1,54764E+12;5853834;6721961;-30831242;68460374;739;0;912;698
1,54764E+12;8025722;17074557;-4190361;7626404;762;0;923;703
1,54764E+12;6817431;-33649947;4886922;1247766;742;0;936;706
1,54764E+12;33573154;16371189;46774824;12697802;770;0;949;704
1,54764E+12;19200367;-11988667;-2785022;9644342;805;0;950;703
1,54764E+12;12599532;-17578956;-20078267;9157305;770;0;949;697
1,54764E+12;-6881833;-4552517;-20291197;11137625;792;0;946;696
1,54764E+12;1094845;-50050807;-91622806;78667626;861;0;930;693
1,54764E+12;3325376;-8970818;-6729466;78273063;876;0;857;677
1,54764E+12;79672533;-11430161;-20450023;12166988;910;3;792;660
1,54764E+12;24043655;-8182976;-50047314;10760595;925;22;851;628
1,54764E+12;8234464;-20931734;-10077881;7730303;927;72;858;544
1,54764E+12;11650945;-4590216;-1226565;6994919;923;75;836;481
1,54764E+12;15441102;-344528;-8848121;8230615;919;55;793;546
1,54764E+12;10554355;-25137976;-44352308;1031221;923;33;809;636
1,54764E+12;57314867;-27851963;-24549802;12769014;923;31;865;660
1,54764E+12;6396981;-7145378;-58990383;11281775;924;59;912;665
1,54764E+12;7781027;26869345;-10152406;10543777;920;54;939;662
1,54764E+12;8637984;6480408;-6830695;97000885;900;5;951;669
1,54764E+12;65725607;19256218;-59044486;12134398;897;0;958;673
1,54764E+12;6593854;-49619712;-5792573;11045793;892;9;956;685
1,54764E+12;572084;13720033;-73043776;10008356;900;22;956;691
1,54764E+12;67909014;-389732;-4972792;9548066;909;38;955;697
1,54764E+12;23671901;12016592;-30962141;12832317;908;80;959;688
1,54764E+12;1755103;32086134;-11400491;120778;897;76;958;689
1,54764E+12;5130046;42678535;-27157325;9975164;893;52;957;696
1,54764E+12;32456142;33096677;-358351;11395596;864;28;955;700
1,54764E+12;37192968;1702045;-3540924;11665269;871;87;952;710
1,54764E+12;5444031;30115655;-56702256;12332667;888;163;952;712
1,54764E+12;58646554;4017748;-46375144;14729502;904;220;953;715
1,54764E+12;54386204;43104395;-7346963;11804047;906;288;954;714
1,54764E+12;550791;45446628;-41051888;114104395;911;282;957;714
1,54764E+12;5582436;34480724;11061897;1830234;931;232;962;701
1,54764E+12;397586;57531285;-8580039;15499296;925;286;965;689
1,54764E+12;6343574;44275513;-7035422;11228146;932;249;964;707
1,54764E+12;4182507;5423087;4198913;15865877;927;234;963;703
1,54764E+12;688131;57903045;34323645;13100775;930;218;961;694
1,54764E+12;42038;3286455;25446901;9741691;919;234;960;663
1,54764E+12;-80768603;15306537;-47652724;-86817586;734;317;957;570
1,54764E+12;-29558897;11964232;-1385198;-38484397;449;303;942;340
1,54764E+12;18640466;-5159368;27403414;4513999;468;304;929;79
1,54764E+12;1849665;-28867746;16969836;32913952;354;252;847;37
1,54764E+12;69451886;41987386;-2989749;6614222;343;126;887;37
1,54764E+12;43422046;5971295;-11294025;-15217546;466;40;862;57
1,54764E+12;-4379031;32457888;65678483;14607695;703;50;856;107
1,54764E+12;-54628807;-3567802;1000126;27769196;760;192;796;161
1,54764E+12;8957379;-31525883;14472793;8583156;872;457;910;206
1,54764E+12;-52075386;-905599;8532042;1249893;888;535;903;202
1,54764E+12;-10115579;7690793;48328165;34224827;907;539;900;26
1,54764E+12;-8151386;47256535;48802897;45382094;924;560;934;25
1,54764E+12;-36637953;53325045;8888787;5854867;918;602;942;77
1,54764E+12;-990806;2889218;7696378;5907243;914;593;939;95
1,54764E+12;-9077632;63758624;28893927;7610602;916;595;956;31
1,54764E+12;-36479127;56040776;49176398;59827175;907;600;962;44
1,54764E+12;-4249353;-13852678;5806536;954687;904;522;965;121
1,54764E+12;-6868394;14039429;86132;7583337;914;526;965;108
1,54764E+12;-8997696;4511676;-3415609;27647953;928;553;965;97
1,54764E+12;-13080719;1010022;39540434;34704719;927;618;954;59
1,54764E+12;-10355213;2718874;7520624;90568817;897;670;938;71
1,54764E+12;-56042522;-4030838;6445326;45788245;877;708;940;41
1,54764E+12;52204543;-8369377;44224897;47720556;855;726;940;30
1,54764E+12;-8965756;96869266;46673596;5405973;820;730;942;49
1,54764E+12;-10078229;6625968;5465848;19651608;726;735;926;107
1,54764E+12;14357078;-68575734;10507057;6418127;766;736;939;164
1,54764E+12;-8390845;21704915;23305382;52360325;810;734;931;56
1,54764E+12;-10727667;5167396;43533748;16771;841;733;946;37
1,54764E+12;-84388417;2873161;53167963;4364342;845;727;948;80
1,54764E+12;-8646361;23727751;5322207;37692971;875;723;951;123
1,54764E+12;-86409503;38187806;22506021;2039333;893;722;953;77
1,54764E+12;-606467;14765485;13829988;3816865;911;725;950;74
1,54764E+12;-1048297;65249133;19685568;19995319;915;732;948;51
1,54764E+12;-11137644;5215393;23317598;10063788;916;738;942;28
1,54764E+12;-17954202;15423475;20004964;38966877;914;743;941;35
1,54764E+12;-33923966;-22514747;21334904;17176481;906;746;945;35
1,54764E+12;-736878;66526717;467277;98558754;904;743;945;57
1,54764E+12;-43612286;35758305;26073474;3293368;910;741;941;54
1,54764E+12;-10660471;-9967575;16331045;20913258;898;744;944;57
1,54764E+12;39802232;-19228293;122853726;4024653;879;739;948;90
1,54764E+12;-11435746;9202598;23038346;2580442;815;743;932;144
1,54764E+12;-43399358;36131805;36985272;3489214;823;743;926;283
1,54764E+12;-7901105;-30141836;36665878;29554026;863;732;903;381
1,54764E+12;-15247196;22769566;2772281;-2549078;892;734;897;419
1,54764E+12;-15247196;22769566;2772281;-2549078;876;709;897;419
1,54764E+12;-15247196;22769566;2772281;-2549078;897;692;897;419
1,54764E+12;-46219808;-13224186;67221355;4111189;921;696;927;207
1,54764E+12;-12771796;-31367058;2024582;6298982;923;707;936;33
1,54764E+12;-17930117;-28867746;-20856684;30897362;921;647;950;43
1,54764E+12;-35273105;-679893;5561666;19513893;922;579;952;72
1,54764E+12;-6282836;-16253204;30490902;5353799;930;587;960;30
1,54764E+12;-6655464;-1181361;2745752;7316872;895;547;961;21
1,54764E+12;-25829825;17831506;-43394122;3284701;858;390;959;34
1,54764E+12;-19170521;19077147;-57873374;35858054;672;242;946;82
1,54764E+12;-95939004;17709157;-7187266;9091359;563;194;926;104
1,54764E+12;-96630156;14584321;-4648161;-16025349;344;220;892;111
1,54764E+12;-15566591;48321185;-18907152;30857813;327;363;865;103
1,54764E+12;6615147;6168168;8313876;11508027;397;391;882;213
1,54764E+12;96815157;-38074356;-13742723;40999556;624;270;881;295
1,54764E+12;7525511;-30620056;-61280257;1157405;731;109;875;299
1,54764E+12;2995334;-4509931;-5388006;54913507;846;70;793;410
1,54764E+12;1478643;-980142;22803774;13117142;925;237;841;523
1,54764E+12;8675333;-22662401;15196756;23691143;931;293;897;582
1,54764E+12;7057064;-80819213;36128315;9442636;927;196;899;535
1,54764E+12;7850142;-9721484;-56115824;9899497;922;181;894;533
1,54764E+12;11108148;-26947883;-30937707;10127598;900;113;906;562
1,54764E+12;75201;-6085614;-425424;10092748;841;0;916;615
1,54764E+12;74988073;7012733;-7581187;8381832;825;0;919;655
1,54764E+12;43687338;-54042375;-3415609;13306054;819;0;932;691
1,54764E+12;18880972;-18271852;18779743;17347065;872;0;944;722
1,54764E+12;7195469;-47973865;-11392636;9221162;850;0;948;716
1,54764E+12;575819;54681167;-12116599;12784519;832;0;961;712
1,54764E+12;28677505;-12842132;-12856619;9086915;811;0;964;704
1,54764E+12;6593854;9407324;-12286943;12763106;807;0;967;709
1,54764E+12;34211943;-119904116;-9114284;12619675;877;0;964;705
1,54764E+12;42996186;-24818581;-9843657;13525601;875;0;964;697
1,54764E+12;5369505;-9061749;-10647382;13437754;893;0;965;695
1,54764E+12;5518557;-30993557;-11472573;11180319;890;0;966;702
1,54764E+12;7509454;-2998301;-894394;1271143;897;0;966;704
1,54764E+12;5901831;-48295006;-6516536;13619876;902;0;965;698
1,54764E+12;5209808;16540486;-16055807;10581681;907;0;963;698
1,54764E+12;81749475;12601277;-11392636;8686183;891;0;964;697
1,54764E+12;4134685;-32538173;-71340334;15940068;896;0;968;700
1,54764E+12;2250253;49864057;-28808406;20284252;907;0;967;699
1,54764E+12;14091788;41027454;-10093763;15125283;927;0;966;701
1,54764E+12;5774247;10937804;-15571479;11087663;933;9;967;701
1,54764E+12;37514105;8718094;-13346359;11560441;927;73;964;716
1,54764E+12;45551348;424115;-10823135;159889765;938;109;961;732
1,54764E+12;956964;9697573;-12625712;19256258;940;122;955;735
1,54764E+12;993965;854775;-8525933;18858553;946;179;960;733
1,54764E+12;365821;7791848;-23911011;1939985;944;252;960;730
1,54764E+12;12226031;37674677;-24602161;15716431;946;271;962;726
1,54764E+12;15079122;71530575;-24975662;17064768;945;209;962;727
1,54764E+12;1140084;20266764;31023228;14816192;942;237;964;727
1,54764E+12;9484468;-20081758;5599016;13654352;939;235;962;719
1,54764E+12;1366331;14765485;22293091;5234041;924;227;958;692
1,54764E+12;17064782;4244641;22399555;40765114;890;197;951;619
1,54764E+12;8627511;-2833193;14362314;-4201173;841;28;903;339
1,54764E+12;86079635;17418386;61645027;30684185;797;0;919;119
1,54764E+12;11422132;7009242;-40146065;5232959;784;0;896;19
1,54764E+12;13535377;95963436;-32267648;6373365;775;0;896;5
1,54764E+12;10900453;11496832;-14861478;9753019;802;0;881;9
1,54764E+12;15356104;3676885;48857;21127682;824;80;910;17
1,54764E+12;50235814;49544662;333131;64898667;809;66;872;5
1,54764E+12;5215218;11076208;12130038;76849085;618;81;854;17
1,54764E+12;48799405;57157785;30490902;68013525;751;326;921;92
1,54764E+12;5305801;-3088709;11097851;6859991;779;498;917;252
1,54764E+12;-11579387;13072516;47263514;4032688;766;517;854;347
1,54764E+12;-1484263;12529544;15214035;35771194;854;567;903;345
1,54764E+12;-30089477;30735249;1201345;63476515;887;603;949;428
1,54764E+12;-10099522;49544662;90165454;11126296;929;602;955;417
1,54764E+12;-1446459;5571964;4970872;993949;940;578;966;210
1,54764E+12;-15832754;9809274;26445228;62881503;937;555;968;141
1,54764E+12;-9088104;-17156586;29532716;6118976;942;604;968;76
1,54764E+12;-83801985;-8115781;3586826;41156807;942;653;966;87
1,54764E+12;-99132955;15688765;51038665;523565;943;647;965;63
1,54764E+12;-9886592;-24085544;30171508;6307735;938;679;967;59
1,54764E+12;-6032556;-90093896;3027797;4450534;940;687;967;103
1,54764E+12;-8779355;18030997;26818728;64753003;940;679;967;155
1,54764E+12;-11776434;45392522;-1007055;65797834;942;679;967;44
1,54764E+12;-15028856;11592652;-60772363;13381672;940;672;964;2
1,54764E+12;-38926077;10791371;3794346;1582711;930;704;955;14
1,54764E+12;-63627726;2787989;39327505;58901577;935;710;962;25
1,54764E+12;-6176371;38898152;16224581;25262563;932;714;958;17
1,54764E+12;-71984357;33468434;27296948;4469266;924;717;960;46
1,54764E+12;-8470606;6125582;96778505;49230533;934;719;956;160
1,54764E+12;-17536196;10341599;3609341;584892;918;718;953;253
1,54764E+12;-8337612;9505936;23570672;3053881;906;724;953;253
1,54764E+12;-114057265;-52831117;6605024;28080347;927;728;954;335
1,54764E+12;113236964;-31206486;-7515388;36336226;911;735;959;227
1,54764E+12;441673;-14107845;16011651;7079827;927;689;966;180
1,54764E+12;-15736935;6823016;13562953;5570742;923;674;967;238
1,54764E+12;-17472316;50982815;-20823523;93434197;895;667;963;282
1,54764E+12;-6721263;-2272087;7978424;9011306;929;678;963;347
1,54764E+12;-10174048;-11185466;19205603;6726577;910;676;965;277
1,54764E+12;-18749897;-11041651;34484217;4431131;889;570;965;250
1,54764E+12;-3117961;-29715976;28640853;66195364;819;458;965;223
1,54764E+12;-28486042;19838285;-7293731;10096923;805;341;960;255
1,54764E+12;-10035644;23621286;-45867253;-49133807;768;129;950;211
1,54764E+12;-11590034;-19975293;5194449;10890075;702;14;918;154
1,54764E+12;-6043202;3719471;79145443;-18210586;682;0;820;107
1,54764E+12;-7629532;12655382;7201229;-22244813;550;0;715;86
1,54764E+12;-99824107;64929736;5503198;1822926;552;12;710;127
1,54764E+12;-41109484;18936822;5146452;43739285;608;74;824;314
1,54764E+12;-986111;-44781658;64720297;9264056;737;151;871;504
1,54764E+12;4656364;-42439425;-111352004;708519;642;73;871;561
1,54764E+12;5556081;-11446218;1160644;89601755;799;117;867;634
1,54764E+12;9665459;-8853881;95595175;15776401;861;216;895;690
1,54764E+12;1648638;-96895444;-4403291;10247068;744;56;895;707
1,54764E+12;24151866;-15933809;-7634419;13491585;811;0;941;732
1,54764E+12;45392522;-10940596;-88215923;1633539;866;0;953;745
1,54764E+12;13079497;-6059085;-17019404;8584918;878;0;951;743
1,54764E+12;6798057;-34135148;-12664982;9975633;876;0;961;743
1,54764E+12;4784122;-1534284;-10397276;13617807;897;4;956;747
1,54764E+12;67909014;-71291465;-12366879;12976219;916;26;953;746
1,54764E+12;2819754;-2790607;-17498497;11207086;917;2;954;749
1,54764E+12;50609314;-7304726;-14182022;12958291;927;16;955;752
1,54764E+12;3639535;-19442968;-13186661;12281422;915;0;958;750
1,54764E+12;4895823;-2955715;-15459603;14424691;918;0;962;748
1,54764E+12;1707281;-123098075;-136764;10364605;930;0;966;749
1,54764E+12;26174703;-13959143;-13793511;13737048;933;0;964;749
1,54764E+12;9937032;-18750072;-10338632;12839788;935;0;958;753
1,54764E+12;-48048913;8555604;-12526577;11351159;941;26;951;747
1,54764E+12;5625196;14039429;-12925733;14064978;939;56;959;744
1,54764E+12;58700657;4049513;-16689361;12333032;940;63;963;741
1,54764E+12;27186993;15830137;-9178163;13355777;942;66;962;745
1,54764E+12;11752174;-4025602;-1117447;15804643;944;106;958;743
1,54764E+12;18722147;11475539;-16502961;134346695;946;138;947;749
1,54764E+12;21704915;13833654;-10221521;23479391;947;234;954;750
1,54764E+12;37885863;19593415;-13154721;18046083;950;214;965;743
1,54764E+12;1776396;19284667;-67774624;2134741;951;95;964;747
1,54764E+12;4457571;16026835;-10189581;19185362;949;191;967;751
1,54764E+12;9202423;13162924;-91036373;15254072;946;221;966;753
1,54764E+12;12492194;6029763;-49195597;16662207;950;202;967;748
1,54764E+12;14882423;4741536;38210493;20829594;950;190;970;723
1,54764E+12;74883354;42997932;5194449;13863692;947;256;967;696
1,54764E+12;-2993065;6455624;-9284628;29361436;910;315;963;647
1,54764E+12;7983485;7972838;-13777455;58866715;877;340;922;433
1,54764E+12;2314935;2920983;-400204;68472254;829;418;911;159
1,54764E+12;16234355;31977922;5045398;29992166;567;376;922;30
1,54764E+12;-20029399;29263934;-48717377;-8744869;487;210;899;0
1,54764E+12;12832882;12066333;-31309462;14129717;616;300;896;0
1,54764E+12;18714991;14227575;1537286;8913843;707;393;884;0
1,54764E+12;15104079;6737844;-12997466;-21120977;533;381;893;0
1,54764E+12;72169363;11853404;5162509;39385288;798;387;873;36
1,54764E+12;-687363;85371035;35655332;30510652;744;397;903;77
1,54764E+12;-17578956;27773425;5721364;40334735;814;428;921;118
1,54764E+12;84997535;8073893;79358375;74942536;864;514;932;102
1,54764E+12;-1555612;-41481242;87449723;10767358;904;580;944;85
1,54764E+12;-44675192;14091788;43586108;5694886;909;584;949;60
1,54764E+12;-415336;-5409648;5039987;79193487;929;581;958;56
1,54764E+12;-5415059;15289084;417762;49326205;934;612;959;34
1,54764E+12;-87739444;-4776268;664761;9036655;937;642;961;39
1,54764E+12;-99237674;41453314;16278686;20337977;937;687;960;3
1,54764E+12;-6208136;25111797;42947316;26104267;932;706;958;2
1,54764E+12;-56758106;21331415;64666194;7619307;922;723;950;33
1,54764E+12;-10743723;6897541;72598714;22768283;925;697;952;22
1,54764E+12;-31473523;2787989;45450118;10249099;933;669;957;1
1,54764E+12;-17530785;14142402;32354912;31900246;936;648;954;0
1,54764E+12;-6995978;5609314;30810297;-5119761;941;655;956;2
1,54764E+12;-35358626;50928706;5875825;14351898;915;679;948;11
1,54764E+12;-16151975;10751578;80370665;13937415;917;676;955;25
1,54764E+12;-16136092;96815157;57426566;26917148;924;675;954;7
1,54764E+12;-6096435;42624432;42308527;2091182;940;672;963;9
1,54764E+12;-39777797;37994072;3836932;13765893;942;656;965;19
1,54764E+12;-15358897;7445749;4614127;34731057;937;630;965;53
1,54764E+12;-708115;78929025;3981096;16599287;936;652;964;37
1,54764E+12;339292;-6495592;6605024;16597563;947;677;962;23
1,54764E+12;-3738146;15688765;56845374;44923844;933;680;966;21
1,54764E+12;-7155675;10206685;28468066;5875658;943;680;965;47
1,54764E+12;-12281882;43902013;6195221;17727052;926;688;967;123
1,54764E+12;-14267718;3458719;39433968;46407003;915;684;967;203
1,54764E+12;-90614;-81883866;13617058;3107233;939;674;969;154
1,54764E+12;-1159527;-7629532;48963466;36031492;928;659;969;149
1,54764E+12;-19079765;-11935958;77016145;27393978;926;584;969;100
1,54764E+12;-24823644;-11872078;53754395;7033494;907;542;968;101
1,54764E+12;-20719328;1031315;-17629571;28985834;907;500;966;107
1,54764E+12;-1802035;-10376332;5913001;26424708;875;379;961;69
1,54764E+12;-11201348;2232957;8574628;34823282;878;188;941;44
1,54764E+12;-7879638;-6932099;80848885;-21135056;753;117;923;40
1,54764E+12;-10466739;-1587726;44917792;4079423;725;38;923;39
1,54764E+12;-13176364;935322;-57341045;-34700602;568;16;882;35
1,54764E+12;-14661463;10176492;-7288495;30441413;659;71;863;47
1,54764E+12;-7975457;-33976325;-59896207;36306345;815;200;892;212
1,54764E+12;-3003537;-14693577;-7728318;13461141;816;277;925;527
1,54764E+12;49970523;11697197;-5845806;57386236;877;185;818;538
1,54764E+12;13932963;-99291784;-12306316;11514923;910;238;902;606
1,54764E+12;6764547;-92425656;-3737797;16189123;920;209;921;672
1,54764E+12;44753733;-27694884;-5164429;17556702;923;104;934;684
1,54764E+12;36023596;2942276;-19393575;14032589;920;78;934;696
1,54764E+12;53803265;-26628488;-14219372;12284514;916;129;948;713
1,54764E+12;7046592;-67352253;-9726545;17667599;921;130;952;726
1,54764E+12;9484643;-40097195;-10216285;15287629;925;115;947;731
1,54764E+12;4001691;-74645984;-1032275;18209322;935;168;958;736
1,54764E+12;40975094;-310145;-14373659;17741907;928;128;963;740
1,54764E+12;27399924;-24340361;-18866485;1030632;925;116;964;727
1,54764E+12;7461806;-10876718;-10450507;15464283;929;118;969;717
1,54764E+12;8627511;-86144215;-91462237;16528763;935;133;967;722
1,54764E+12;78237873;-17706366;-10706024;15292034;945;239;958;731
1,54764E+12;10214015;-15018209;-10865722;16208208;947;274;956;733
1,54764E+12;-7677703;5050285;-11898433;14793025;948;284;952;732
1,54764E+12;-13852678;46296602;-7363021;1467546;945;279;961;720
1,54764E+12;42039746;18243927;-9454972;12893398;934;235;964;707
1,54764E+12;39432225;10288367;-13026963;9592963;931;168;962;704
1,54764E+12;56518996;21437879;-8741656;12996464;930;213;964;707
1,54764E+12;30435053;7967428;-99394757;13384295;928;158;961;716
1,54764E+12;477365;7206115;-10897661;14031343;935;228;954;724
1,54764E+12;57051325;10389421;-12116599;1412467;937;248;961;728
1,54764E+12;5470909;10671641;-9465619;20901726;943;248;963;732
1,54764E+12;25698227;14344686;-5600936;19191547;943;291;965;735
1,54764E+12;6839073;15989485;-84648466;18833364;948;308;966;732
1,54764E+12;9085486;1454697;-15606734;18590181;948;294;968;726
1,54764E+12;15636405;8270766;-7887143;17153238;947;322;969;692
1,54764E+12;59767056;4225093;-11561061;11596508;947;312;967;668
1,54764E+12;1590344;7025125;-24869196;9137183;940;305;965;632
1,54764E+12;39484584;8845678;-11499102;21677773;931;293;954;526
1,54764E+12;51356316;4283736;-65910614;53423834;904;238;950;432
1,54764E+12;5609314;353307;-6729466;13154223;836;250;935;234
1,54764E+12;11571533;9207659;-90610516;-10720181;719;174;852;83
1,54764E+12;-45366344;94792324;-70862114;-10595778;613;142;820;31
1,54764E+12;18704519;20071287;15323991;14539412;805;208;784;1
1,54764E+12;18624758;9407324;96446896;4262196;775;228;893;5
1,54764E+12;6945538;-8157669;62643355;4267071;554;105;888;0
1,54764E+12;410292;8137772;43905503;2918331;751;191;885;0
1,54764E+12;15915134;85849255;12774763;69948134;825;329;904;22
1,54764E+12;8324173;4853237;71746993;27485244;863;389;888;42
1,54764E+12;12112585;-34454545;10272833;6661435;884;465;938;41
1,54764E+12;8290314;8366585;-21380283;4794389;890;532;940;36
1,54764E+12;-19069467;1648638;29586822;38919952;909;572;943;10
1,54764E+12;73021084;-6740636;5146452;5209199;929;580;954;39
1,54764E+12;-8513018;48799405;78241366;6079175;935;557;955;31
1,54764E+12;-58939767;36714745;45769513;29466302;928;589;956;6
1,54764E+12;44010222;-35945055;5503198;36093547;922;604;962;24
1,54764E+12;-5026374;7384488;5279621;31584978;926;583;962;22
1,54764E+12;-8262912;27186993;52689743;12608153;930;564;962;0
1,54764E+12;-96043724;4619014;73024577;1883758;934;537;961;0
1,54764E+12;-28867746;-315381;75632095;-16258545;932;603;961;0
1,54764E+12;-7038913;-29024825;77654934;24466155;927;644;962;0
1,54764E+12;-4642576;-5553463;7573856;-16686053;929;667;963;0
1,54764E+12;-12404404;8771152;2117608;26045182;932;662;962;0
1,54764E+12;-194311;18895981;5013458;-14965006;930;647;961;0
1,54764E+12;-44834018;1009673;6919183;6348274;893;711;948;0
1,54764E+12;6727372;-8518603;46354198;383735;855;721;949;0
1,54764E+12;-97534233;9686752;58974676;4564564;840;713;955;10
1,54764E+12;-14427241;75415677;62004566;7438593;880;702;956;21
1,54764E+12;-8518428;4012163;42682028;14682585;886;709;954;38
1,54764E+12;-10722256;5811423;-9538224;18773223;906;712;959;59
1,54764E+12;-15145793;10320306;43545965;16719668;915;711;960;57
1,54764E+12;-84597856;4741536;4736649;22143877;929;703;964;46
1,54764E+12;-11877315;19680333;23624776;37882593;940;690;967;41
1,54764E+12;-12201946;-9276425;25434682;4529782;944;675;968;14
1,54764E+12;-17791537;18030997;2878746;47042327;945;660;969;0
1,54764E+12;-14528295;-47443286;10423106;4809721;946;645;969;2
1,54764E+12;-21597576;-39406043;13456489;68466125;946;597;969;10
1,54764E+12;-3088133;-22743386;-3524867;61433682;936;523;967;17
1,54764E+12;-27559621;-43717006;-24443336;1779409;925;478;967;20
1,54764E+12;-22066023;32243213;48802897;9180624;928;505;965;13
1,54764E+12;-12824854;22127285;-3839026;-30849767;783;383;957;17
1,54764E+12;-18973125;113236964;-21380283;-33525527;589;331;948;19
1,54764E+12;-12260588;-154514;4007276;16592296;652;363;934;34
1,54764E+12;-35836846;-42439425;78880155;11457405;659;377;897;42
1,54764E+12;-7888888;-61709607;6780779;45392246;718;254;883;73
1,54764E+12;-14486233;-3956487;31609657;5267129;689;234;894;145
1,54764E+12;-9686577;-41161844;28640853;40952053;709;325;886;283
1,54764E+12;-6558947;-10520147;42894956;14318782;793;384;893;474
1,54764E+12;16009904;-10365685;-18959512;117659025;801;377;844;568
1,54764E+12;59498273;-77520543;-7698298;13197481;858;317;900;616
1,54764E+12;770685;-8018217;-5531821;14886198;895;273;933;664
1,54764E+12;52581537;-12250117;-2225993;18558912;908;147;959;682
1,54764E+12;26497588;-7182379;-8544783;13811258;916;38;961;685
1,54764E+12;1590344;-34880406;-9258099;1376665;923;83;960;690
1,54764E+12;3496069;-34082788;-13889331;136209;922;76;955;699
1,54764E+12;2889218;19006636;-1727492;9978506;914;24;953;694
1,54764E+12;40657446;-75188786;-16343263;7824979;925;75;951;698
1,54764E+12;593953;-12494986;-24176301;11690054;925;105;954;711
1,54764E+12;20173912;-38552403;36400586;19003708;941;122;956;727
1,54764E+12;-41102502;9415353;-18674848;11211577;933;140;950;718
1,54764E+12;39964548;-150779;-12872502;10453727;942;301;955;703
1,54764E+12;69348913;11030481;-87735957;1446862;917;188;960;714
1,54764E+12;45661303;67909014;-11163824;13131459;923;0;960;721
1,54764E+12;29159215;88830274;-1346347;10015626;914;0;963;715
1,54764E+12;13402383;5763601;-13080195;8354241;890;0;965;720
1,54764E+12;11006046;22661355;-69690996;11106165;887;0;960;733
1,54764E+12;26178193;4829326;-8576723;12132771;919;0;956;735
1,54764E+12;4880115;-5602507;-8757713;12184657;923;0;956;735
1,54764E+12;4268028;1047023;-74534285;16071377;927;0;953;739
1,54764E+12;78346086;32306045;-1031734;14378896;934;26;951;741
1,54764E+12;62641615;8574279;-894394;1624417;934;49;957;741
1,54764E+12;51836276;9926385;-5579643;19897808;938;71;960;741
1,54764E+12;1585108;17203187;-6953043;18411047;936;111;964;739
1,54764E+12;50665164;13785658;-10407922;13442111;938;186;967;732
1,54764E+12;63812727;12561309;-6399424;16681572;942;220;968;732
1,54764E+12;70893526;45605454;-52921873;18093653;946;229;967;736
1,54764E+12;8883377;5113989;-38762018;14913885;945;296;965;731
1,54764E+12;983493;33733723;-99640846;119824915;941;333;966;702
1,54764E+12;7853982;25961772;-39826667;7429524;931;344;964;657
1,54764E+12;4198913;45497242;-47652724;36524982;921;348;959;594
1,54764E+12;62961006;3596949;-577128;2417301;876;353;942;362
1,54764E+12;7935663;508746;-67401123;18982188;850;342;929;247
1,54764E+12;10496236;7600036;-4302062;-77671736;838;275;887;134
1,54764E+12;5577549;42357394;-6245137;-11552215;611;252;876;53
1,54764E+12;1112438;12257797;-51750755;18409975;753;240;830;37
1,54764E+12;15739554;6418274;4651477;39932125;684;363;858;69
1,54764E+12;11358603;-40844196;8367108;4671049;813;373;918;128
1,54764E+12;3932576;14748032;10006671;4371573;746;375;921;110
1,54764E+12;46513024;33733723;8420341;30223732;775;417;924;95
1,54764E+12;8989842;26387632;7201229;27060704;819;520;905;141
1,54764E+12;49333477;-36105627;10139664;69228916;840;598;934;200
1,54764E+12;13738185;-43984044;91230106;5300265;913;625;882;129
1,54764E+12;8510749;-25308146;14036287;63846464;930;590;940;69
1,54764E+12;-93793996;-33763394;6365565;21072326;945;581;922;32
1,54764E+12;5682792;-43249257;73928654;249019;946;617;958;18
1,54764E+12;14201744;-20509364;5082573;-38861725;945;641;946;0
1,54764E+12;-24656266;-15718435;5849122;10773813;943;658;947;9
1,54764E+12;-43182936;-26214845;48164105;49582002;943;666;942;0
1,54764E+12;-12042248;58805376;46834165;32312144;945;663;944;0
1,54764E+12;-12643689;10612998;40552726;-1512082;943;693;935;0
1,54764E+12;-39348447;82227695;3916868;-9261155;930;715;936;1
1,54764E+12;-7112915;8297295;48963466;8394933;933;706;937;13
1,54764E+12;-16247619;13471498;667955;91190356;944;657;954;39
1,54764E+12;-9609434;31550318;31929052;73316205;950;623;959;0
1,54764E+12;-71713835;46561894;68032935;-12615911;949;643;963;0
1,54764E+12;-10743374;10043323;2506118;13765223;944;659;956;0
1,54764E+12;-13836098;13051049;35175365;39253414;937;694;948;0
1,54764E+12;-5829923;7898138;38104028;13466713;938;705;954;16
1,54764E+12;-87257737;6045646;5465848;8479688;942;684;961;69
1,54764E+12;-59896207;-20296434;6110049;25121686;946;651;966;159
1,54764E+12;-11477983;5252394;287351;55922613;948;648;967;188
1,54764E+12;-16716065;10128495;18460347;27404416;950;613;967;188
1,54764E+12;-12840736;-7147123;3107733;6145418;952;597;968;203
1,54764E+12;-11829144;-20242329;55780724;6837218;954;548;970;103
1,54764E+12;-16162447;-72890186;22773056;6349863;954;447;970;59
1,54764E+12;-2009101;-9902649;2809631;7849927;952;417;971;52
1,54764E+12;-35916955;-35627407;-14648548;51027336;935;140;970;101
1,54764E+12;-2861345;13418266;-26679102;74574596;912;6;968;134
1,54764E+12;-12627807;-11174994;63868576;44626007;910;26;962;235
1,54764E+12;-11052123;31337386;25967008;3864213;839;20;952;253
1,54764E+12;-6101496;-34828046;6482676;-12033067;799;17;941;248
1,54764E+12;-7905992;-47977355;60514057;82143146;773;13;934;267
1,54764E+12;-8810946;7063347;2937389;-51264647;672;12;892;224
1,54764E+12;-87737703;40299654;26551694;3065105;779;48;924;283
1,54764E+12;-7834783;-16783085;-13210396;25993943;727;110;859;337
1,54764E+12;121789075;-33335788;-12519246;35972114;817;162;879;359
1,54764E+12;-44279;-72464323;-49621457;5032593;821;231;854;436
1,54764E+12;2671052;-6820572;-6290167;8253484;880;315;881;494
1,54764E+12;16011651;-10413681;52185343;14090069;895;318;901;624
1,54764E+12;71425855;-5873033;-43287656;12750877;908;257;900;654
1,54764E+12;91176;-5154306;-10700613;13088632;917;187;908;658
1,54764E+12;5045223;-58889157;-10019237;14552006;926;97;943;668
1,54764E+12;65996134;-13117895;-3040538;1597941;940;88;955;671
1,54764E+12;9415702;-12016069;-71500903;18223438;944;129;960;679
1,54764E+12;8963313;-81246823;-56489325;15303709;942;127;962;676
1,54764E+12;5279446;-97003657;-6601708;14206235;938;61;967;672
1,54764E+12;49654618;-8585274;-90078187;11750541;934;59;965;684
1,54764E+12;52687997;-28920105;-6207787;12580391;927;73;966;695
1,54764E+12;68231905;-5915619;-56169933;13949193;923;70;960;707
1,54764E+12;48802897;-25513223;-7378903;14140069;929;79;961;713
1,54764E+12;5716128;40493384;-9540144;12568707;924;111;956;717
1,54764E+12;3794346;14748032;-11488456;9154096;916;91;955;726
1,54764E+12;69190085;17870426;-12036837;13589231;905;135;955;729
1,54764E+12;731834;7493571;-16204859;13081201;902;168;957;731
1,54764E+12;8303229;1267842;-14592;13530006;911;187;963;728
1,54764E+12;5284857;8515636;-7788881;17579502;924;187;966;720
1,54764E+12;8132885;10607587;-10152406;16919996;937;206;968;717
1,54764E+12;57107174;22148402;-53347737;21326532;942;264;970;700
1,54764E+12;47525316;94897044;53651422;18076012;946;303;969;687
1,54764E+12;4571541;4922352;-22952825;1986289;945;296;969;647
1,54764E+12;61526346;4943645;-35035738;15018444;947;282;968;615
1,54764E+12;19898498;35276595;-3109653;11845418;945;286;966;573
1,54764E+12;46774824;2675939;-23963371;9290872;941;272;960;514
1,54764E+12;-20132373;104178704;-59363884;72316957;926;289;960;514
1,54764E+12;-1619142;58007765;-11893022;-4901697;894;321;934;417
1,54764E+12;81754714;907449;-11999488;9532657;863;308;825;282
1,54764E+12;11731405;15276169;-90771085;-24995467;732;295;764;235
1,54764E+12;10485764;11656356;-94284433;2167126;795;368;684;174
1,54764E+12;11923043;8872207;31293754;28556507;704;422;756;173
1,54764E+12;9378527;4102571;558837;31001656;699;431;860;193
1,54764E+12;70256484;-41322416;11039382;21258502;729;458;755;213
1,54764E+12;15047705;-12681388;18305537;55793233;803;508;919;222
1,54764E+12;13754241;-8646361;13014222;3836938;797;546;888;211
1,54764E+12;10746516;7019714;10688047;12058474;821;594;895;93
1,54764E+12;13663659;4775221;70095915;31369789;872;638;919;164
1,54764E+12;12668297;-17344558;10358006;927191;893;664;927;257
1,54764E+12;10400592;-27533267;49069932;49520135;909;666;913;240
1,54764E+12;86655594;18029252;3464304;31268084;923;656;926;229
1,54764E+12;-8017694;5369505;2122844;1607467;924;656;929;250
1,54764E+12;-5419946;42462116;5599016;-2509315;917;657;932;205
1,54764E+12;-6143908;5060757;63549185;10734068;932;646;922;251
1,54764E+12;-13543231;11741529;15692255;19139727;939;612;941;118
1,54764E+12;-10732553;94897044;4198913;-94223326;943;571;952;42
1,54764E+12;-6319663;69293064;4395961;1419369;943;612;956;46
1,54764E+12;-10157641;6343574;5066691;12018031;946;608;957;111
1,54764E+12;-11424576;73178166;38475785;15971912;945;601;956;94
1,54764E+12;-38762018;-68294734;75153875;-58868635;943;630;954;39
1,54764E+12;-8369028;27504644;5753303;24362628;942;628;950;19
1,54764E+12;-79751074;5822069;36081192;8185872;944;643;941;14
1,54764E+12;-8326442;9510997;49495792;14909172;946;646;951;43
1,54764E+12;-32267648;36980036;57320106;2440697;947;643;947;170
1,54764E+12;-18959512;-13215633;54925513;11457213;945;615;957;314
1,54764E+12;-10642145;37140608;3315253;25701084;947;626;961;379
1,54764E+12;-17370738;10059379;4369257;27706084;948;635;964;403
1,54764E+12;-16513608;-6431887;17130406;5728606;948;635;964;511
1,54764E+12;-20447404;-9828298;23357742;53122835;943;627;963;508
1,54764E+12;-1744509;-12479279;2937389;37257993;929;598;962;447
1,54764E+12;-21538758;-13996319;43107888;50841255;893;573;959;411
1,54764E+12;-2781479;34850734;-33279938;6834842;875;529;927;394
1,54764E+12;-21937916;33013077;-69636893;-17919451;568;368;817;391
1,54764E+12;-2220949;47678906;-5223072;28322928;453;286;565;308
1,54764E+12;-14607882;29421017;6967005;-12369978;285;236;689;265
1,54764E+12;-82784456;-43985787;13322971;24779029;390;250;886;299
1,54764E+12;-59416246;-11627558;73982763;73189883;477;289;778;247
1,54764E+12;52185343;15271631;10316641;43847027;598;333;778;247
1,54764E+12;-3072303;-24822073;-2617994;3453473;702;370;840;254
1,54764E+12;14800392;-99667025;82938045;6643814;798;396;865;360
1,54764E+12;24211207;-5495169;-84735736;60356293;827;407;852;425
1,54764E+12;60835195;-13772742;16278686;12912983;896;418;800;539
1,54764E+12;10698694;-7496713;-29073694;13996168;895;435;856;641
1,54764E+12;5987701;-49131017;-13316862;18538458;906;381;901;687
1,54764E+12;5886472;-17741272;-12888558;17081978;914;276;930;709
1,54764E+12;7999891;-1449496;-15667297;11176909;899;153;942;715
1,54764E+12;5386086;-5947558;-11664209;14343959;898;149;957;725
1,54764E+12;5817357;-51277775;-10929601;15660263;910;133;957;731
1,54764E+12;4970872;-7113438;-9774367;15225265;920;136;962;732
1,54764E+12;55777234;-65491736;-72033226;15443138;927;157;961;731
1,54764E+12;8266054;-14528644;-89067644;12326356;923;155;962;734
1,54764E+12;509863;-51277775;-12473345;11889213;927;195;953;735
1,54764E+12;28150415;-12292877;-7900582;16175467;935;234;955;738
1,54764E+12;38849282;-33604568;-90771085;15516917;935;244;960;721
1,54764E+12;5013458;37831756;-15800291;10422152;938;201;962;723
1,54764E+12;4518483;75307465;-14959217;12796386;943;257;959;711
1,54764E+12;16439256;1644711;-12457287;15230714;944;269;960;726
1,54764E+12;10018189;15435692;-1324513;14929418;944;279;965;719
1,54764E+12;89048445;14520092;-77089447;20668577;948;291;967;689
1,54764E+12;82128215;14722376;-74321353;17984362;948;341;970;692
1,54764E+12;11917806;9393886;-1097463;22293705;948;413;969;708
1,54764E+12;8281936;9548173;40392154;19267895;945;423;970;704
1,54764E+12;894202;5992239;-46408303;14068166;938;411;968;697
1,54764E+12;54393184;-43266714;-5915095;9550519;906;423;964;682
1,54764E+12;12671091;7382743;-516984;5211296;874;395;958;555
1,54764E+12;3017325;38097048;-8560665;35749547;850;343;950;388
1,54764E+12;32515484;11949048;-10077881;-6223679;775;292;921;109
1,54764E+12;9298765;8904146;-7336317;-562082;863;287;869;62
1,54764E+12;10507057;25375342;-30564207;4883415;807;315;876;57
1,54764E+12;78189003;44113198;-18907152;1013705;618;343;832;22
1,54764E+12;-9803514;54120916;11274827;-10740676;620;403;858;27
1,54764E+12;1236496;-3610737;7068234;37621434;849;522;902;28
1,54764E+12;38210493;1552645;44491932;34319253;723;542;894;9
1,54764E+12;765676;5518557;22773056;30088315;794;550;899;10
1,54764E+12;13663833;9032079;11071322;5592922;826;565;926;77
1,54764E+12;17927673;-6016848;14584669;62965016;866;596;927;136
1,54764E+12;785084;-12527101;9548871;9106356;888;620;937;41
1,54764E+12;51253337;-9386381;4049862;3977286;894;646;945;29
1,54764E+12;12503364;-8513367;21334904;24635952;913;674;946;28
1,54764E+12;-98967147;76637405;25167647;20644052;921;678;946;28
1,54764E+12;-894394;89147925;9160186;53183836;929;684;946;39
1,54764E+12;31311207;18348646;8148768;9978458;930;685;947;114
1,54764E+12;-21992894;-6455973;10570936;19476448;933;673;954;196
1,54764E+12;-10279989;2867576;6695607;81450745;935;674;963;223
1,54764E+12;-1021611;5800602;6546556;-5130487;935;676;963;223
1,54764E+12;-10966601;8084365;9277298;-11965933;937;690;961;266
1,54764E+12;-1356976;10820518;686054;-12572336;933;702;954;231
1,54764E+12;-11610802;9995326;6530498;-19785396;938;697;951;149
1,54764E+12;-77567667;5571789;5412615;-15616037;940;701;955;236
1,54764E+12;-703804;53056264;49548152;-10513898;944;686;959;335
1,54764E+12;-14836695;8739038;34962437;11013328;942;687;961;376
1,54764E+12;-12904266;6189287;22985986;-16280571;942;688;961;367
1,54764E+12;-10157467;14302973;6120695;14987894;944;694;960;393
1,54764E+12;-2083068;81588906;22347195;36066542;940;700;958;389
1,54764E+12;-2061775;-32700488;4566305;40137067;940;697;957;443
1,54764E+12;-1935605;-26099652;36187658;35826643;936;701;956;477
1,54764E+12;-15784234;-8151386;5646838;4467762;940;694;952;444
1,54764E+12;-23321962;-12926432;5535137;56800613;931;629;959;322
1,54764E+12;-31157792;34051374;-4089132;4052895;909;366;961;203
1,54764E+12;-24157627;16180948;-41104248;43790907;900;396;960;153
1,54764E+12;-12978792;-5445427;6270968;30868154;835;339;960;90
1,54764E+12;-12276123;-18380062;22027801;1811252;664;255;957;60
1,54764E+12;-11270114;57101935;10529571;9866026;503;236;923;56
1,54764E+12;-11259468;52363366;20217894;-25632708;531;285;844;70
1,54764E+12;-6468539;-3874631;4284085;22733042;502;334;857;100
1,54764E+12;19076448;-8265879;16863371;24258146;492;373;791;155
1,54764E+12;6046344;-2727077;17453292;40776606;677;379;838;269
1,54764E+12;6738367;-82845545;4763178;78063807;800;389;887;437
1,54764E+12;9048659;-8848819;66582566;10078574;831;383;879;535
1,54764E+12;11704876;-94289666;9181479;11320848;854;354;910;606
1,54764E+12;5641777;-588909;-37484437;1395629;834;224;912;634
1,54764E+12;8819847;-17636552;-12702332;9653095;868;186;927;648
1,54764E+12;8090474;-6607817;-968937;103249;883;231;941;685
1,54764E+12;5210506;-11148465;-4903677;14767073;900;218;945;702
1,54764E+12;11756538;-18297508;5497787;17054255;907;144;959;711
1,54764E+12;5311735;-11222991;43528512;18964989;912;16;958;717
1,54764E+12;23626523;-36692056;-12425348;8661293;904;10;949;729
1,54764E+12;44865432;-19444713;-11674856;11065109;877;63;942;741
1,54764E+12;55299014;-5048016;-69478065;15001963;862;99;951;743
1,54764E+12;4028918;-6501177;-14863398;12780871;890;44;951;743
1,54764E+12;-61295964;-83962554;-20181417;9196387;899;30;952;743
1,54764E+12;57163024;-1107935;-12830089;13523342;924;47;959;750
1,54764E+12;18516198;-6618289;-6032207;15515136;931;51;960;747
1,54764E+12;23094197;4948881;-14203489;1226356;930;14;962;738
1,54764E+12;3384717;11288964;-20282645;11754237;931;49;964;723
1,54764E+12;4704884;5699373;-12920498;139757595;936;69;965;721
1,54764E+12;6722485;45601964;-7480132;19403921;938;92;969;701
1,54764E+12;10970441;6551268;-65964717;18597172;945;135;969;701
1,54764E+12;10448762;13705547;-7618537;16748543;947;160;970;694
1,54764E+12;11571882;18965096;-37325612;16127985;947;240;969;669
1,54764E+12;7733903;7253937;-30298916;13147634;937;262;969;673
1,54764E+12;37999308;49860567;-26040313;12852026;928;278;968;663
1,54764E+12;-37873646;19039796;-49782026;60109687;913;255;965;633
1,54764E+12;767526;46507788;-6064147;6096902;880;301;961;612
1,54764E+12;56152475;8164127;-7512072;45391;858;316;953;546
1,54764E+12;866905;74295175;-11025419;24893856;790;311;951;494
1,54764E+12;8154353;88296205;-8763124;12438452;855;272;913;357
1,54764E+12;-14433873;6961071;-5691519;-21389797;478;308;894;244
1,54764E+12;-12356931;4954117;-5968328;17517896;792;264;732;91
1,54764E+12;16171174;5933596;31236157;26882193;635;305;503;93
1,54764E+12;7233517;10905515;18140952;22135067;476;274;900;128
1,54764E+12;12927654;8281238;6211103;14937425;474;286;886;192
1,54764E+12;3821224;45656067;8808851;28758862;564;299;886;192
1,54764E+12;121255;5662197;11422657;5624765;636;296;889;227
1,54764E+12;14819242;48258353;109488;72414165;703;381;943;404
1,54764E+12;9682214;-9429141;15223285;9687869;839;487;941;396
1,54764E+12;-2960253;103620194;43425536;67193174;842;525;940;250
1,54764E+12;-26675612;-63575363;47787115;4572092;869;557;954;236
1,54764E+12;58122957;-12213116;1414764;9079119;901;597;955;143
1,54764E+12;-7469137;-15294321;55562556;25476031;918;616;953;72
1,54764E+12;-11285822;3692593;39805725;35017018;932;630;954;48
1,54764E+12;-11254058;8504815;5380676;16572185;936;643;952;57
1,54764E+12;-99817127;9308539;64879125;20511317;937;639;956;149
1,54764E+12;-9193871;36547195;7589739;4773406;937;649;956;217
1,54764E+12;-22565885;15483514;40605086;4323698;922;653;957;191
1,54764E+12;13195561;-29838498;78506655;-23411367;953;685;956;100
1,54764E+12;-6628062;50499356;26764625;64424233;932;707;952;96
1,54764E+12;-27937136;18996862;7020238;-4763312;940;678;951;130
1,54764E+12;-42910665;58381263;39327505;-12253524;946;692;951;121
1,54764E+12;-7086037;-22108085;38741073;5323756;939;703;956;121
1,54764E+12;-12563404;10889633;2122844;20962002;944;691;956;121
1,54764E+12;-1754597;14030353;22612485;10482963;930;699;941;177
1,54764E+12;-1133382;10485065;4805764;26101108;904;708;939;148
1,54764E+12;-13479003;5784021;64292693;21538048;929;699;940;75
1,54764E+12;-14128441;51452305;4076391;35699654;933;700;938;11
1,54764E+12;-15704124;-18966493;36133552;3713943;942;701;952;23
1,54764E+12;-10407573;-4042008;37091738;4499471;944;702;963;74
1,54764E+12;-16327032;-10312802;42521456;73468857;940;684;965;133
1,54764E+12;-2345478;-25035003;22664845;17364187;939;612;966;152
1,54764E+12;-17860129;-72785467;18193312;55732512;933;554;966;152
1,54764E+12;-13974153;-51118946;-46408303;5459421;932;555;966;118
1,54764E+12;-1397939;-37971383;-22952825;40404263;912;504;965;77
1,54764E+12;-15017511;10905515;-49303806;37961504;765;330;959;55
1,54764E+12;-74956656;-726249;-9686577;43811974;797;304;947;59
1,54764E+12;-8070577;3256086;-23113395;4346616;677;246;933;40
1,54764E+12;-10407573;3761708;30543262;-20719614;620;282;897;52
1,54764E+12;-7112391;-26153758;53859115;-2129786;670;314;893;89
1,54764E+12;-7181681;-110357165;-24762732;5208634;649;374;760;176
1,54764E+12;-40509094;-27963665;-28543115;36741898;752;402;790;267
1,54764E+12;37095228;-7012384;-13744467;7826205;842;427;800;398
1,54764E+12;6722485;-80131555;-18322466;8886147;858;437;787;489
1,54764E+12;53386134;-54154074;-13212143;820174;911;431;766;527
1,54764E+12;10911973;-10041229;19683823;13496823;922;335;871;601
1,54764E+12;76967275;-5101248;-2976659;12359635;931;187;928;647
1,54764E+12;57058305;-15985471;-62931335;17745392;937;132;941;660
1,54764E+12;7451858;-6403613;-10652791;12503891;929;131;955;667
1,54764E+12;43324307;-39887753;-7634594;15502705;930;124;958;679
1,54764E+12;5892057;-6948505;-63941884;15108994;923;126;964;683
1,54764E+12;32145473;-10168986;-85927796;14885863;924;112;965;685
1,54764E+12;63126814;-8108974;-11131885;15597889;930;110;966;674
1,54764E+12;552484;-8918109;-12063541;1344237;935;157;966;670
1,54764E+12;6845007;-28550094;-14017088;15674253;943;167;968;649
1,54764E+12;30707324;-29967302;-13197308;1358313;947;174;968;611
1,54764E+12;46359435;8552113;-12675629;128754225;946;164;968;626
1,54764E+12;7393215;21701424;-12489401;14935787;945;149;968;645
1,54764E+12;42952552;61091757;-14059675;13519684;945;143;969;639
1,54764E+12;36351717;949494;-14682583;12881984;943;184;969;643
1,54764E+12;59507;9803689;-14895512;15109606;944;209;969;655
1,54764E+12;46624726;9936683;-1234035;15225513;947;236;969;661
1,54764E+12;16334537;8989144;-63783056;18422874;947;256;969;656
1,54764E+12;6121044;64500386;-61227894;16494719;948;249;969;668
1,54764E+12;-25130996;9548173;-44193482;14281451;946;288;969;668
1,54764E+12;9027541;64818037;-3189589;16032665;947;260;967;671
1,54764E+12;82662284;34742525;122853726;15018674;940;332;965;673
1,54764E+12;78831285;66575587;54710835;11869179;936;375;959;663
1,54764E+12;-3284884;14620623;29164452;66958637;909;392;958;650
1,54764E+12;-131528;10069677;-1096154;-57256854;834;395;901;525
1,54764E+12;7095287;10133556;-898129;-9588299;789;408;811;280
1,54764E+12;12338605;6678851;-79433423;89169645;757;487;765;154
1,54764E+12;9629156;5342627;-22101104;16585497;772;498;820;107
1,54764E+12;20221385;36658895;-24816836;4314514;777;465;905;62
1,54764E+12;13302201;10293254;7440338;47424345;665;449;909;56
1,54764E+12;-16507325;10351896;24368288;36468482;665;476;886;45
1,54764E+12;43057274;1103851;3405661;9461885;749;490;886;45
1,54764E+12;11710461;71047115;1243931;5824576;823;486;901;57
1,54764E+12;12897635;20635028;16053712;33524475;898;513;931;17
1,54764E+12;10055016;-5665688;1261489;59406466;905;532;931;17
1,54764E+12;9006248;250542;24102996;9206232;922;505;918;1
1,54764E+12;-20804325;9356361;-1023112;33389347;932;510;927;4
1,54764E+12;10107201;10681939;18619172;4193799;937;562;937;23
1,54764E+12;-34552282;49647635;8601157;4776394;928;561;960;149
1,54764E+12;-29070204;3218736;90324277;57419276;939;533;944;104
1,54764E+12;23011818;-19687139;44970155;9573991;942;622;960;42
1,54764E+12;-84377944;15844099;5082573;67423882;939;617;960;4
1,54764E+12;-12259891;6726673;8239699;18452016;941;504;959;3
1,54764E+12;-1858252;39741147;69563586;18524705;941;594;958;37
1,54764E+12;-9262986;18666296;10283306;23294435;936;640;953;52
1,54764E+12;-11748859;4911531;5178392;31852362;942;640;961;4
1,54764E+12;-99708915;99525654;32407275;274433;941;658;960;0
1,54764E+12;-10221171;5912303;7435452;9769301;941;646;963;16
1,54764E+12;-9875073;6753377;4661949;33469024;946;656;962;12
1,54764E+12;-14362489;10224138;3363075;20631123;939;658;963;4
1,54764E+12;-10268993;6678851;11379547;-43126276;937;673;961;3
1,54764E+12;-10029534;500735;44277257;41179214;918;685;963;0
1,54764E+12;-13329952;8121366;44809583;25521233;934;671;964;9
1,54764E+12;-784159;2382898;-54925513;63112593;934;688;965;51
1,54764E+12;-56164694;29094638;11379547;72970476;938;692;967;133
1,54764E+12;-15160977;4262094;16915731;5375184;940;688;969;233
1,54764E+12;-201596;31016245;-24869196;4886556;943;681;969;149
1,54764E+12;-11461402;-278572;8239699;51092167;951;686;970;53
1,54764E+12;-18621092;-4249702;-22101104;76096444;948;681;969;68
1,54764E+12;-26079059;2361605;-4754626;4917518;941;606;967;23
1,54764E+12;-25259278;6742207;-3839026;531599;913;518;970;11
1,54764E+12;-13739755;-5489933;-22687535;60630193;912;539;969;0
1,54764E+12;-12249244;-684204;-34876913;36191328;872;535;966;1
1,54764E+12;2527935;-1400714;8398525;49452333;888;513;960;0
1,54764E+12;-10769379;10484891;-99023;6371737;522;238;933;75
1,54764E+12;-9321454;28939304;-224205;-32728546;221;161;933;75
1,54764E+12;-14586066;17015214;32566097;-30728238;195;146;831;95
1,54764E+12;-11791444;-837409;10858216;39628826;586;309;645;139
1,54764E+12;72762775;-66025805;81327105;8558294;540;353;854;252
1,54764E+12;11572231;-71082026;6322804;44412155;732;269;794;231
1,54764E+12;41144392;-9881705;-5227261;41603465;795;300;837;292
1,54764E+12;21713641;-93493795;-11402236;5624257;773;382;866;365
1,54764E+12;24588199;-14763042;17660987;13568975;809;373;886;469
1,54764E+12;50298643;-14385178;28733355;10338546;851;373;893;556
1,54764E+12;17561503;-14166838;-75759506;13047815;867;357;933;630
1,54764E+12;25120524;-6474822;-13021727;11984272;891;283;944;646
1,54764E+12;-23457225;-59796727;-17748777;8686087;902;273;957;663
1,54764E+12;53492594;-11175169;-4882384;17750938;929;255;950;693
1,54764E+12;6595599;-16678366;-15246847;12126814;930;257;958;706
1,54764E+12;12557644;-922581;-15662061;14768826;938;273;957;717
1,54764E+12;35499996;-7757639;-10945657;13709879;938;283;959;709
1,54764E+12;6499257;18292795;-11866493;18730865;941;266;959;715
1,54764E+12;36032322;-38920841;-10551738;16261896;942;321;958;729
1,54764E+12;10630102;-25569072;-52443653;22300993;947;351;960;737
1,54764E+12;401321;32080898;-17791363;13775758;937;348;941;740
1,54764E+12;94909257;8515287;-17434617;13774962;941;323;958;737
1,54764E+12;5663419;80721475;-1572053;18270824;945;347;954;744
1,54764E+12;94376934;-29984757;-11802615;20610485;945;393;955;748
1,54764E+12;58604664;9941919;-11429987;22085009;946;384;968;737
1,54764E+12;50724506;13423327;-12659745;21665955;949;340;970;725
1,54764E+12;59295815;99738586;-5744751;22080296;952;331;972;711
1,54764E+12;5700769;11794411;-22368139;20756264;950;342;972;706
1,54764E+12;7760781;9707696;-3578274;18780788;949;355;971;714
1,54764E+12;70794046;7887143;-30438542;132000475;943;376;971;714
1,54764E+12;43060762;3554014;12018337;10353055;936;391;962;670
1,54764E+12;5285555;27396435;-32108822;7026819;914;405;955;582
1,54764E+12;29166198;33091444;-8566076;11012082;877;377;910;241
1,54764E+12;5030039;54171526;-7618537;-5858899;824;279;862;93
1,54764E+12;66216046;69343674;-5090078;-13630861;724;269;813;19
1,54764E+12;35075882;8914618;-4099953;787405;683;302;793;16
1,54764E+12;11992855;55981433;-22952825;20986614;694;358;829;22
1,54764E+12;16730552;7301585;823394;23040168;747;457;912;56
1,54764E+12;77661914;43844417;6344097;57020497;699;486;832;59
1,54764E+12;10512991;14594443;41296235;50630665;604;502;893;149
1,54764E+12;2335268;1898604;10496236;66366215;834;557;932;346
1,54764E+12;18817267;-10392737;12763941;36083205;863;584;927;361
1,54764E+12;-3247534;4717625;7600909;8351761;886;561;927;361
1,54764E+12;-1320202;12039281;2820103;42475533;921;552;942;299
1,54764E+12;-33060026;6369928;34376004;43844247;936;563;946;345
1,54764E+12;36992255;-18116517;2665816;44324145;942;589;947;300
1,54764E+12;-64095473;-80546945;78661986;4426046;940;620;953;244
1,54764E+12;-13723699;8728217;46886525;-6898749;944;638;954;216
1,54764E+12;-3896971;-7949451;5684014;3967221;946;642;953;230
1,54764E+12;-20904682;1541946;3277903;28912954;943;642;954;273
1,54764E+12;-3039072;22355747;-24284512;26410918;940;667;959;308
1,54764E+12;-18083357;22850723;-16086699;32972085;946;704;958;300
1,54764E+12;-22680554;22019073;47151816;11194942;935;687;962;235
1,54764E+12;-17950362;41502184;2772281;57826486;939;657;966;239
1,54764E+12;8255931;14672983;39753366;5955031;942;684;971;247
1,54764E+12;-23265238;-9099274;60514057;11010799;946;678;971;227
1,54764E+12;-35189328;-5138773;1425934;837961;947;653;972;150
1,54764E+12;-14032447;-331822;42627922;33749337;944;636;971;298
1,54764E+12;-2112302;-51014227;6136578;4789112;939;624;968;399
1,54764E+12;-15719831;-10552435;4246735;44839664;935;623;969;417
1,54764E+12;-1317008;-10744072;5684014;5847656;934;631;969;394
1,54764E+12;-9683261;-115745;77494365;43875947;916;619;968;304
1,54764E+12;-14490073;-16434718;87927943;35197446;903;590;958;197
1,54764E+12;-25684962;-53729963;7110646;6628989;852;492;956;176
1,54764E+12;-19871969;10953337;10527826;29323993;756;436;933;154
1,54764E+12;-14160031;107617;8404284;-6474716;513;336;863;153
1,54764E+12;-19089364;19835667;18619172;24413579;453;333;822;188
1,54764E+12;-13989687;7078008;-5797984;31814632;582;392;713;284
1,54764E+12;-67074746;21273819;-37751472;25894153;564;439;699;448
1,54764E+12;-2981197;-420188;-61706114;56303387;610;454;686;513
1,54764E+12;6649704;-67038095;-17790142;8363071;846;445;807;594
1,54764E+12;-22916174;-8385958;-35941565;11174678;866;438;795;628
1,54764E+12;10611602;-39570105;-69690996;89062;876;353;852;659
1,54764E+12;12665854;-733719;-38709658;1095038;894;261;876;687
1,54764E+12;68825316;-12335813;-21835814;1379176;924;277;924;688
1,54764E+12;3688579;-82208496;52045718;17011175;930;206;953;668
1,54764E+12;51419145;24818582;-11068006;11643348;931;76;964;605
1,54764E+12;1261175;14618878;-11770675;983131;922;100;966;637
1,54764E+12;21821852;-52558845;-5680872;12312029;918;106;966;660
1,54764E+12;81920516;-22694516;-9790424;1236088;925;87;965;658
1,54764E+12;70954615;-2237512;-8321206;9612174;927;91;965;664
1,54764E+12;5972342;-33501595;-4232947;13019037;930;121;962;681
1,54764E+12;6414085;-24930283;-7368431;1207259;931;121;962;681
1,54764E+12;85966194;-9546951;-4770683;11651354;921;104;962;681
1,54764E+12;6579193;-2146755;-6064147;10448268;915;52;963;697
1,54764E+12;53441983;34421384;-9998119;9352623;896;41;960;712
1,54764E+12;7063522;21593213;-6271841;9033591;897;30;957;716
1,54764E+12;5754002;1776047;-563305;12457836;887;31;952;728
1,54764E+12;6147922;51775193;-93806213;12289284;893;31;947;733
1,54764E+12;6126629;4985882;-86566585;11858902;906;78;952;734
1,54764E+12;58978164;7306821;-6670998;16566076;920;109;961;735
1,54764E+12;57114154;39744636;-5643697;13762589;931;156;964;730
1,54764E+12;68772954;15524703;-45045203;14158015;935;219;964;731
1,54764E+12;43221334;114790305;-30885348;1135771;934;292;960;724
1,54764E+12;-24062854;51975906;-20078267;11244532;929;345;959;704
1,54764E+12;30126128;-52342422;-4797212;72782965;928;344;956;683
1,54764E+12;4630882;27501154;-5590464;72708554;916;348;928;646
1,54764E+12;15966272;7535808;-15554374;24400363;888;380;918;568
1,54764E+12;2623928;39266416;-1023112;1300492;823;384;677;537
1,54764E+12;89055425;6156998;-14435618;31094072;702;386;608;542
1,54764E+12;8474272;67053807;-19280653;13707763;696;376;705;476
1,54764E+12;15655254;54969144;-12892747;18383542;761;412;796;412
1,54764E+12;2416199;21326178;26494099;5510073;774;447;784;359
1,54764E+12;2152689;8813389;4704535;21994956;623;454;834;359
1,54764E+12;13994573;16215853;5109102;3820648;719;469;876;389
1,54764E+12;5754176;21486749;36665878;2994811;715;483;865;406
1,54764E+12;35077628;6002711;26871088;43948827;799;514;787;388
1,54764E+12;19959585;49804714;26497588;4988951;842;576;879;389
1,54764E+12;3332008;44854963;25912905;5227213;882;615;887;402
1,54764E+12;-24488714;86163414;17128661;54328456;885;656;876;417
1,54764E+12;-7947706;70034826;3112969;5174234;891;674;876;417
1,54764E+12;-40191442;49645892;145735;5180861;895;678;912;421
1,54764E+12;4040088;-52345914;-75572757;5342805;915;677;944;449
1,54764E+12;-6254911;-26267204;4033456;76167126;908;661;949;494
1,54764E+12;-8671668;51242864;17608626;6220998;916;668;947;506
1,54764E+12;-1831374;-18757053;5811772;45076303;908;683;933;512
1,54764E+12;-11157715;23722515;45821875;41790314;908;679;919;518
1,54764E+12;-16901419;86215776;2037672;21443427;919;668;913;529
1,54764E+12;-9603325;7764621;5460437;13649535;929;674;880;541
1,54764E+12;-10817027;53000414;6253689;4519956;932;675;876;536
1,54764E+12;-13883221;95638806;4763178;53677335;939;673;870;510
1,54764E+12;-9145525;94787085;8026769;23655863;945;670;915;399
1,54764E+12;-6712711;-77911496;17980382;51276813;942;676;928;306
1,54764E+12;-2486047;-27007225;17182766;7146098;939;664;939;219
1,54764E+12;-12940918;-37814304;31293754;5527992;937;640;939;219
1,54764E+12;-1485729;-7417649;-4108505;6968726;932;603;944;229
1,54764E+12;-13787403;-35257396;8984955;4672074;925;577;944;229
1,54764E+12;-17428509;-38240165;-2617994;6776395;920;570;952;254
1,54764E+12;-14090741;-2817834;-55466563;436757;905;548;950;197
1,54764E+12;-13595766;-55274576;17289232;51714664;850;467;948;147
1,54764E+12;-13324193;30641;-23911011;6486668;618;381;943;171
1,54764E+12;-14569834;25320714;-4483227;-43088928;378;317;922;211
1,54764E+12;-13542533;-19341739;6392094;58932793;438;319;857;249
1,54764E+12;-11572754;-7614173;36611772;30150564;580;357;858;284
1,54764E+12;-4738569;-31691688;-20929988;64984765;666;374;833;322
1,54764E+12;37739253;-48193777;-32854077;3351279;793;401;799;393
1,54764E+12;6872059;-99989915;36824703;79647713;845;402;870;529
1,54764E+12;3119078;-1143086;57904786;14888095;894;363;897;593
1,54764E+12;10092715;-2812598;-32534683;9361272;896;214;896;613
1,54764E+12;6810275;-4005007;-33599332;1107282;885;111;922;641
1,54764E+12;16285667;-67411596;-32428217;12140461;901;125;925;665
1,54764E+12;3715457;-38718385;-6133436;11425542;910;144;929;675
1,54764E+12;12613495;-1476374;-80976295;13165246;920;206;938;673
1,54764E+12;29380873;-20886356;-7655887;10981887;921;225;942;681
1,54764E+12;25815165;-23547982;-91996306;12391564;915;160;947;684
1,54764E+12;35822883;-7843509;-10381393;102301655;912;127;950;688
1,54764E+12;55360097;-123691484;-82201517;11606104;912;93;957;690
1,54764E+12;46734682;-155631;-8236034;11007993;909;116;953;692
1,54764E+12;5605125;-17373008;-78953457;10163204;914;147;953;704
1,54764E+12;4599117;-6038839;-70862114;13120867;916;163;951;710
1,54764E+12;65420175;19568631;-10578266;11329986;915;184;950;715
1,54764E+12;58552307;19249237;-12132657;9957083;919;202;952;715
1,54764E+12;6973114;11424925;-55372316;15157941;921;188;958;706
1,54764E+12;62226224;-4330162;-50474924;13547629;929;206;958;710
1,54764E+12;6691069;29895744;-8688598;14529386;933;228;956;711
1,54764E+12;9608212;64603364;-9082519;14481626;936;266;960;717
1,54764E+12;8575501;6135705;-71713835;14325323;939;344;964;717
1,54764E+12;43542475;37987092;-43287656;15165439;940;396;965;708
1,54764E+12;5828701;33143803;-4557753;13431864;941;375;964;698
1,54764E+12;12932889;40116394;-6291912;14201074;941;394;964;645
1,54764E+12;2979277;44429103;-8080875;10123978;930;419;960;632
1,54764E+12;-10594148;37987092;-15819664;9542407;916;425;952;583
1,54764E+12;7663741;5166873;-5446649;63830185;919;397;947;490
1,54764E+12;11655309;800408;-7868817;5403579;862;375;939;319
1,54764E+12;45724136;83501786;-11690913;42980328;699;399;939;319
1,54764E+12;-9155997;12268094;-12681038;24113442;559;411;882;199
1,54764E+12;1090185;6960722;-14043791;32761297;544;466;806;153
1,54764E+12;21324782;5757667;-2822372;33144274;452;512;597;167
1,54764E+12;13957398;10412634;41669735;6686967;533;463;799;68
1,54764E+12;10431833;-34300956;3597298;40921696;553;437;763;44
1,54764E+12;20739224;-8976926;12758706;68302455;805;499;855;57
1,54764E+12;1351932;86589277;2755875;12931198;755;456;926;9
1,54764E+12;21663027;70991266;-6717772;26746297;860;455;931;45
1,54764E+12;9368753;-12582079;10911449;683467;877;513;942;107
1,54764E+12;-10678447;12119043;-25029767;75380197;904;467;948;65
1,54764E+12;-18051068;10809522;-3450516;4232374;923;295;953;35
1,54764E+12;-11109719;11203443;4614127;32161312;938;361;956;62
1,54764E+12;-93689275;44109705;7020238;51696277;940;419;957;48
1,54764E+12;5392195;-10398672;8803441;84382105;941;604;960;51
1,54764E+12;7654665;10040879;76483816;10563006;943;650;965;49
1,54764E+12;-17976717;47516587;5045747;3366985;943;563;965;78
1,54764E+12;-13084558;18771017;5029341;53673787;946;558;966;159
1,54764E+12;11177088;69533914;69722414;9549369;948;625;964;222
1,54764E+12;-11295946;-6832964;62856287;6634582;949;663;960;194
1,54764E+12;-20893686;52839845;4092448;38687618;946;690;953;208
1,54764E+12;-17838312;41022217;4198913;36470683;941;729;936;234
1,54764E+12;-11732452;12808971;77494365;9304135;940;731;932;261
1,54764E+12;-16278511;3122743;4874879;41120605;944;687;932;249
1,54764E+12;-87461936;-57683133;8265879;79967675;951;642;951;247
1,54764E+12;-13345311;22656119;24048892;6757692;952;638;957;284
1,54764E+12;-9895842;-25197318;20003219;67394094;952;634;958;293
1,54764E+12;-71916294;-30468214;23090705;72653775;952;640;960;327
1,54764E+12;-11274652;-51707125;36292377;55490603;951;593;962;329
1,54764E+12;-9768084;-69434434;6062052;60570526;949;551;962;323
1,54764E+12;-41043162;-64430577;5162335;74433146;946;566;964;299
1,54764E+12;-12360597;-7880336;106883965;8394598;935;583;962;308
1,54764E+12;-12972683;-645894;-17736036;4934392;898;518;956;399
1,54764E+12;-15767479;-23015657;19896753;30538905;842;405;941;432
1,54764E+12;-12270013;-10133382;5913001;22677784;744;350;923;495
1,54764E+12;-13159084;11192622;4768414;26300592;629;350;881;534
1,54764E+12;-11956029;63751644;84201664;21645691;551;468;855;577
1,54764E+12;-6217561;-9250245;7595149;29468408;597;559;678;593
1,54764E+12;-23635249;2978928;2170666;53604546;592;569;722;567
1,54764E+12;-32258922;-14604916;-37273252;46010046;659;549;766;568
1,54764E+12;69184855;42376593;-24390976;37535815;764;467;863;647
1,54764E+12;29595548;-6618812;12550662;7883541;780;189;856;695
1,54764E+12;39605013;-3935892;-20345303;8659377;829;0;856;695
1,54764E+12;3816686;8974483;-7325845;6260579;792;0;880;719
1,54764E+12;3694164;-5503023;-71500903;7051068;820;0;898;732
1,54764E+12;-23945916;-48621383;-7671769;11820921;855;34;940;740
1,54764E+12;45406485;-47769663;-25668558;11639469;869;19;947;742
1,54764E+12;26562166;-47715557;-5531821;11816133;895;19;952;739
1,54764E+12;46684065;-21472786;-8353146;1059621;894;23;956;735
1,54764E+12;41095522;-289777;-65964717;9525705;894;35;955;735
1,54764E+12;41360813;-5490282;-2992716;1062315;903;71;955;731
1,54764E+12;46736425;-36803758;-6894574;12134466;912;113;955;725
1,54764E+12;65154886;-48621383;-7629183;9375904;922;113;950;734
1,54764E+12;5637239;-14032447;-81828016;9329132;924;155;947;735
1,54764E+12;599922;-11039207;-77091193;10103617;923;179;951;734
1,54764E+12;60472167;32503265;-7884699;10501266;924;170;952;730
1,54764E+12;6441138;-5396558;-7309788;8146654;915;160;955;731
1,54764E+12;85224426;-18011798;-5386086;11621474;920;149;956;725
1,54764E+12;7021285;5518033;-4142539;14333234;923;182;956;724
1,54764E+12;9241169;40435788;-59950316;9042785;920;221;958;709
1,54764E+12;93315774;47408378;-40732494;1149417;921;241;959;705
1,54764E+12;12940744;35112533;-28808406;12365592;925;265;960;704
1,54764E+12;73780304;20526817;-33279938;1100129;918;304;961;686
1,54764E+12;32204816;53023104;-6611307;9128124;914;351;961;674
1,54764E+12;17566739;61784657;-1023112;9992537;902;313;959;645
1,54764E+12;-11070623;-21898647;-19067723;6869827;850;339;956;621
1,54764E+12;-101124376;10890854;-41797146;7438737;843;361;940;599
1,54764E+12;66167176;14884168;-6995803;4206402;847;376;933;587
1,54764E+12;49080405;2728648;-7448193;4048643;841;379;877;483
1,54764E+12;5057092;26008895;-5915095;35734036;837;384;851;324
1,54764E+12;2512576;514174;-51804864;41735053;785;419;881;67
1,54764E+12;9816081;62063906;34487706;47171516;845;448;888;13
1,54764E+12;11817625;-72064646;28680995;38996758;825;488;900;25
1,54764E+12;14101213;-7039262;9144129;55094986;828;506;914;65
1,54764E+12;8676032;21643828;4182856;8837496;824;442;889;31
1,54764E+12;14381513;10612475;-7501425;11078354;862;428;840;38
1,54764E+12;34547046;8318065;-8294677;71480136;823;423;929;104
1,54764E+12;10949847;11975228;-4355469;4967882;898;451;863;83
1,54764E+12;15187157;3718773;36824703;4675225;925;475;926;117
1,54764E+12;36730453;-7481179;13322971;11203858;936;497;921;90
1,54764E+12;-11535405;43441243;11911872;10738589;936;492;932;44
1,54764E+12;-801141;15584394;-6633822;4797703;936;502;934;277
1,54764E+12;-7904771;11554604;-40041342;4774067;927;511;945;371
1,54764E+12;-11492819;11464195;-13690363;6681556;927;441;949;324
1,54764E+12;-16698961;9116553;-13744467;5185343;930;348;949;324
1,54764E+12;-7670722;64283967;17608626;64738255;943;407;950;268
1,54764E+12;-47907543;-15404277;-1736428;11173615;945;458;965;254
1,54764E+12;-26827455;-31107002;-1656492;6810786;945;424;966;255
1,54764E+12;11711159;-8982337;2506118;113032465;946;333;968;263
1,54764E+12;-12498826;-5484872;-18854792;10761305;946;206;969;237
1,54764E+12;-88737774;-773879;-19919443;50969777;943;38;969;250
1,54764E+12;-5355019;-1338144;3874631;75355678;943;33;969;248
1,54764E+12;-15411257;-50230574;20071287;100138445;947;128;969;198
1,54764E+12;-22834143;-30574676;-14809118;80873165;944;147;969;183
1,54764E+12;-50089204;-30735248;-4839798;6163815;935;79;968;254
1,54764E+12;-5610535;-48514917;-4600339;52095532;921;50;967;338
1,54764E+12;-27146852;-29670596;-48026225;51612186;889;13;963;356
1,54764E+12;17407914;-4713087;-269985;62422967;761;0;960;406
1,54764E+12;-19268435;-25305527;-740037;4848;426;0;941;493
1,54764E+12;-3257657;616747;-81349796;22766178;280;0;874;546
1,54764E+12;-7031757;-70872587;-2891487;2637376;402;0;610;590
1,54764E+12;-89215994;-34674457;-42010075;7019608;612;0;681;623
1,54764E+12;-2986084;13285446;-66497046;10173289;668;0;690;629
1,54764E+12;5003859;7343996;-13660518;8256232;752;0;670;622
1,54764E+12;-52883476;3138451;-17796599;67047415;839;14;642;605
1,54764E+12;37582174;20739748;-18909246;69212446;781;97;662;602
1,54764E+12;759096;22148227;-10072644;9378615;881;111;906;616
1,54764E+12;48708647;-14179055;-6181258;1645437;901;103;925;626
1,54764E+12;41681954;69127256;-95190257;14651528;894;78;940;647
1,54764E+12;78997093;12959943;-11403458;16048258;897;84;928;677
1,54764E+12;6143035;22069688;-11983606;9135441;924;96;905;691
1,54764E+12;18817791;14556918;-13442177;12122869;930;94;914;702
1,54764E+12;20510585;17479472;-12920498;14770682;903;44;946;719
1,54764E+12;14851879;2507567;-10604969;25578243;917;14;961;713
1,54764E+12;87620765;14120412;-14735814;19856993;931;0;963;672
1,54764E+12;10002482;12645957;-14256722;19958382;945;0;964;603
1,54764E+12;20622287;35430184;-14435618;11154931;959;127;966;651
1,54764E+12;21261077;47141343;-21219537;15629291;859;87;963;575
1,54764E+12;2651155;-23631933;-15411781;11197202;861;75;947;455
1,54764E+12;16353211;-7598291;-21729349;33713233;902;43;921;380
1,54764E+12;19004192;21998827;-13633814;8609712;904;15;951;532
1,54764E+12;8810073;-10462202;-62611943;1566394;921;15;965;587
1,54764E+12;10614743;5560619;-13899977;10735553;919;32;962;594
1,54764E+12;69949305;73172927;-71181506;63184133;914;36;955;556
1,54764E+12;10667976;9345365;-810304;89644375;909;58;955;556
1,54764E+12;12009436;8169013;-8204095;9268318;906;49;938;596
1,54764E+12;9395631;91697854;-61706114;9032949;902;51;937;612
1,54764E+12;8011585;1153331;-5143311;7974875;896;55;940;613
1,54764E+12;77721256;9382715;-383379;8397174;898;58;937;610
1,54764E+12;79583526;8270068;-37325612;8997697;897;64;946;600
1,54764E+12;5552241;7067013;-41531855;9551496;896;47;953;590
1,54764E+12;5871637;70404834;-4275533;8676846;899;41;957;601
1,54764E+12;5355368;4959004;-404131;8006297;899;33;957;602
1,54764E+12;5903576;53422785;-36580357;853779;905;43;958;599
1,54764E+12;59037507;3351381;-2976659;7961161;910;54;958;583
1,54764E+12;59835124;25476572;-20664698;839366;915;60;957;562
1,54764E+12;656907;33194417;-13477433;8139826;919;61;956;564
1,54764E+12;5637588;19353956;-6133087;80515375;919;65;954;564
1,54764E+12;47378707;2733884;7068583;8358206;917;55;954;575
1,54764E+12;40671408;30000463;17341591;8157017;909;54;951;580
1,54764E+12;32260665;1126261;32140237;8168288;890;40;948;594
1,54764E+12;28373817;13552481;2905275;8716925;870;52;944;609
1,54764E+12;44558257;8388052;2506118;78782263;872;57;943;615
1,54764E+12;23424064;-2653075;32833135;8449943;882;66;944;609
1,54764E+12;7827802;-24720843;34323645;8438086;891;115;935;602
1,54764E+12;8838347;-20408134;3277903;805578;890;149;915;608
1,54764E+12;29066715;-18811159;31714377;8531939;886;165;885;617
1,54764E+12;34655258;-16179202;25167647;8682496;882;177;887;623
1,54764E+12;48391;-731293;16650441;9742457;873;196;890;630
1,54764E+12;39552653;11794935;8133234;8541209;866;206;900;634
1,54764E+12;17407914;-12444197;19790289;7637149;871;200;902;637
1,54764E+12;62308256;-14287265;41882667;8621128;877;222;890;637
1,54764E+12;17592918;10252064;431585;9692792;885;232;895;634
1,54764E+12;7189011;-14126694;3794346;8923553;889;244;899;632
1,54764E+12;32421237;-4468043;31820843;8106604;888;252;898;632
1,54764E+12;5877047;8761553;38688713;79358206;883;256;898;631
1,54764E+12;6334847;90268426;55562556;8267466;875;254;901;627
1,54764E+12;6116681;57264253;5348736;8954582;866;271;906;622
1,54764E+12;-20650735;-81122905;14467034;9968249;868;286;907;611
1,54764E+12;-19799015;26008895;94631754;92686825;874;378;905;590
1,54764E+12;-7372271;-5131268;-12339477;74897623;879;427;899;541
1,54764E+12;3817035;34578463;-56543434;13004864;885;440;897;481
1,54764E+12;-30497882;295205;-11126648;6339147;882;468;886;440
1,54764E+12;-57979837;39317033;-6963864;5461318;869;502;866;397
1,54764E+12;-23790583;13763666;-40893063;71818867;865;515;863;395
1,54764E+12;-3986681;16214108;-17205456;844638;868;490;863;395
1,54764E+12;-6350206;15681784;-13318607;8283937;876;408;868;415
1,54764E+12;-5264262;18413223;-28850293;7892352;885;346;881;439
1,54764E+12;-35927603;-65153144;11805407;8300573;894;315;887;476
1,54764E+12;-10070549;-13222614;3842168;7427637;899;303;894;505
1,54764E+12;32686526;-6887069;5242271;884285;901;290;894;505
1,54764E+12;28588492;-1375494;56892496;8039126;897;300;902;510
1,54764E+12;38276815;-5155004;81273;8428654;880;338;900;508
1,54764E+12;-52656583;-77262235;505587;9410353;865;369;902;506
1,54764E+12;29068458;-29496064;20748474;11329334;850;399;900;505
1,54764E+12;-36566392;51187015;-19174187;6845042;825;436;893;506
1,54764E+12;-27677432;32182127;124441974;74629374;796;461;893;497
1,54764E+12;-8894721;41924554;-40840703;104027195;800;501;881;490
1,54764E+12;-82292277;38624138;-37540287;2056849;820;525;427;424
1,54764E+12;5595002;5145231;15105824;11590848;836;502;46;337
1,54764E+12;37425095;66357416;-33108898;10167562;846;381;59;453
1,54764E+12;13789846;18288432;-101787604;10892286;782;121;827;574
1,54764E+12;37372735;18362958;7599164;5619574;677;4;892;626
1,54764E+12;-19425514;7855727;35493016;9375062;548;0;909;675
1,54764E+12;35295793;12725545;2671052;10304587;441;0;920;700
1,54764E+12;33592352;2467721;919614;9451887;347;0;927;716
1,54764E+12;37425095;54593897;-5427974;11085231;321;0;935;721
1,54764E+12;39819688;8435002;-24816836;8267533;335;0;939;716
1,54764E+12;13950416;-3481932;-19812977;9048684;384;0;943;713
1,54764E+12;-31723103;-1332908;-28064895;9572862;411;0;949;705
1,54764E+12;-54613096;-35047957;-21090558;8582745;402;0;949;691
1,54764E+12;-8064294;-17587683;-9859365;11462652;642;36;950;669
1,54764E+12;-8894721;-15351915;4298746;9900254;652;96;948;647
1,54764E+12;-12067381;-71033156;-6133087;10772231;763;159;942;628
1,54764E+12;-11311479;-37816048;-34079298;9852399;858;222;920;606
1,54764E+12;-12104557;-11079874;-27639034;81499195;899;329;756;533
1,54764E+12;-6222448;-12943013;28359854;76574326;915;396;132;421
1,54764E+12;-20277235;-14980161;31766737;1060843;918;410;24;253
1,54764E+12;-6489134;-46333256;7120943;73082433;915;411;75;178
1,54764E+12;-20329595;-28872982;6747443;815219;906;416;95;172
1,54764E+12;2933375;2622008;45128977;9029827;897;418;603;209
1,54764E+12;19805996;11815355;49120545;1430253;874;408;838;377
1,54764E+12;43280676;19470195;11047934;6150714;840;360;864;523
1,54764E+12;-3209486;-18564368;12283627;9142336;783;320;876;580
1,54764E+12;13524556;4809953;18565068;9647838;758;300;878;598
1,54764E+12;17303194;7056366;-980526;11032655;776;299;878;598
1,54764E+12;-7340855;15467107;-20558234;9643672;789;280;893;604
1,54764E+12;-7714355;16160004;-42167153;923275;795;265;902;606
1,54764E+12;24010494;701378;-42167153;10032816;803;267;901;612
1,54764E+12;8307767;-44577456;-38498473;8826224;813;267;902;613
1,54764E+12;37425095;28562313;-32749358;9995323;825;264;899;612
1,54764E+12;11395255;-71017444;-11988667;9144826;832;262;892;612
1,54764E+12;-29007372;-41222933;4724606;9029847;834;257;881;613
1,54764E+12;-9107477;-10190803;286234;7241617;836;264;881;611
1,54764E+12;-97410315;-1391551;20800833;8848663;843;260;891;611
1,54764E+12;-5620833;-13861404;60562924;11763546;847;256;893;611
1,54764E+12;-44123667;-69490284;-9060004;9875871;848;264;879;612
1,54764E+12;10995574;31916836;-13850933;8556733;848;264;855;616
1,54764E+12;6977826;13391912;-13372713;9193926;848;252;843;620
1,54764E+12;18847811;5012236;-32585297;9280271;851;234;842;621
1,54764E+12;9320058;33300883;-4907866;9508879;857;230;850;620
1,54764E+12;-16550957;17702875;-72500974;8953635;860;234;853;621
1,54764E+12;-2607871;10419616;-4003785;9201913;864;239;853;620
1,54764E+12;-37735763;498117;-11615166;10173298;871;245;856;620
1,54764E+12;-35927603;8600982;-13372713;9294885;877;249;863;619
1,54764E+12;-25865778;14137167;-13053317;9241187;879;252;849;622
1,54764E+12;-10693632;-89116514;-12414527;9228432;879;252;842;623
1,54764E+12;-6276204;39165188;-11295771;9578348;880;250;843;623
1,54764E+12;34103733;13018411;-9911725;950705;882;252;844;622
1,54764E+12;8201302;7162831;-6930702;9207018;881;254;842;623
1,54764E+12;109693944;17596409;-56007616;9062255;879;257;823;624
1,54764E+12;14643313;15201817;14660766;952536;878;257;810;624
1,54764E+12;12672836;-107215576;6960373;935722;878;257;806;624
1,54764E+12;-20381954;34906585;8876745;953643;876;257;809;625
1,54764E+12;-17135642;-90181164;37664205;9305343;874;259;807;626
1,54764E+12;-17188002;-15032521;4511676;9275128;873;262;808;627
1,54764E+12;-14048155;-14980161;30717794;9585167;872;263;800;628
1,54764E+12;559378;-21261601;-32986724;9421356;872;262;799;628
1,54764E+12;23998277;-13809045;1691224;9534458;872;261;795;628
1,54764E+12;21327924;-14590953;3820526;9252192;869;261;781;628
1,54764E+12;22933627;-6356489;21694442;94635515;866;267;769;628
1,54764E+12;-2656391;-11786208;14782939;9318272;866;268;767;629
1,54764E+12;-9044296;-60894538;23823744;9394158;866;267;768;628
1,54764E+12;-18046705;-46530478;36599554;9291782;865;270;770;627
1,54764E+12;-26005406;-31084314;36075957;9417372;864;274;774;627
1,54764E+12;85748024;-13526302;35953782;942626;864;276;779;627
1,54764E+12;14962707;99309236;-10751228;9299635;864;278;779;627
1,54764E+12;14110987;-1891937;-8847074;9644793;864;280;780;627
1,54764E+12;22999948;-1365022;-10604621;9075461;864;280;778;627
1,54764E+12;-13248794;4341332;7599164;8030746;864;279;762;628
1,54764E+12;14269812;11362791;31127948;11915319;864;276;759;628
1,54764E+12;-25385815;-97171205;17926277;9713946;865;277;765;628
1,54764E+12;40727258;-106150925;32882;10804209;865;277;768;628
1,54764E+12;45814894;10728539;62151175;8882813;865;280;772;628
1,54764E+12;23266985;20631537;-22462387;10417334;865;281;770;628
1,54764E+12;2795145;-10611427;-28326694;9509367;867;279;779;628
1,54764E+12;10119419;-11111813;-4749041;9009889;868;281;777;628
1,54764E+12;20804325;-28023008;27017696;9064792;868;282;774;628
1,54764E+12;6286676;-30524063;-155508835;885731;868;281;767;629
1,54764E+12;-22937118;-685321;-2859722;11560614;869;282;752;629
1,54764E+12;-36564648;-13969615;-1216477;13998314;870;281;740;629
1,54764E+12;21327924;-54105204;-30979594;33457533;871;280;732;629
1,54764E+12;4834562;3649309;-21938788;1410361;871;275;731;629
1,54764E+12;16187929;-4865978;-15076154;7712356;872;271;743;629
1,54764E+12;26127579;588525;-107634455;9036426;872;265;740;629
1,54764E+12;18528415;103026785;-28850293;9408102;873;265;740;630
1,54764E+12;20713217;-5964314;2700356;425691;874;268;741;630
1,54764E+12;-2703515;10782644;-3785968;11052218;874;269;746;630
1,54764E+12;-24108233;47141343;-18908897;81382265;874;267;747;630
1,54764E+12;-35871753;-68364546;-45884706;8331209;874;267;747;630
1,54764E+12;522028;-34943238;1584759;8911506;874;267;747;630
1,54764E+12;-418879;-8059931;-11295771;9859427;875;269;750;630
1,54764E+12;-30867893;8279842;-32642892;8143934;875;269;742;630
1,54764E+12;15495034;-2860769;-9859365;8945782;874;269;736;630
1,54764E+12;35185836;-22043508;-32585297;9028851;875;269;734;630
1,54764E+12;-46251226;-11397;-4642576;8908182;875;268;738;630
1,54764E+12;56478854;-7527605;-55466563;8602137;874;267;734;630
1,54764E+12;52,35988;-694292;-6398377;849955;874;266;734;630
1,54764E+12;1922131;5078908;-69848076;8719271;875;268;734;630
1,54764E+12;-3932227;24242623;6695083;806461;874;270;734;630
1,54764E+12;-20699605;13976596;10847221;89093895;874;271;733;630
1,54764E+12;-31869713;13337806;115383714;8695281;873;271;737;630
1,54764E+12;-22287855;10941469;10793116;931356;873;271;732;630
1,54764E+12;35616934;-10883001;96497506;-12603528;873;271;727;630
1,54764E+12;-21872467;11932292;-43755405;1165485;873;271;729;631
1,54764E+12;-68556535;9733876;-17683676;9441066;874;271;733;630
1,54764E+12;-23893557;-1295907;14041173;8325089;875;272;733;630
1,54764E+12;60737457;-18122627;7812094;9658573;875;274;734;630
1,54764E+12;7723082;-13002703;-54942966;9443775;874;274;717;630
1,54764E+12;-51033426;-736878;-3466573;93736725;875;275;714;630
1,54764E+12;22410028;-24668483;48055896;63867536;875;277;714;630
1,54764E+12;44827035;5113291;27455774;14099118;877;275;723;629
1,54764E+12;1836959;-60601324;-4744154;7069972;879;271;743;618
1,54764E+12;2635447;3436553;-18322466;9410716;880;272;760;598
1,54764E+12;47420595;3191509;-11189306;8966267;880;283;601;597
1,54764E+12;29761353;-17535323;-84753186;8380721;880;291;514;584
1,54764E+12;68190016;-42821652;983493;72559633;880;300;519;569
1,54764E+12;45039967;-71832514;23568927;7839287;880;306;537;569
1,54764E+12;21617648;92654294;-4030838;10095084;879;313;612;576
1,54764E+12;2438574;429351;-72726125;77930975;878;319;709;584
1,54764E+12;34232888;8403062;-26720991;8919838;877;322;777;595
1,54764E+12;34286994;20135515;62692225;91873665;876;318;820;604
1,54764E+12;2666863;45542622;-4907866;9148551;874;314;853;603
1,54764E+12;26036823;4815189;52045718;10114314;870;303;884;600
1,54764E+12;-37734017;34363788;9889036;9545338;858;286;891;604
1,54764E+12;-19156733;4096462;1675516;10497032;844;260;903;608
1,54764E+12;-48904125;19406316;1499936;884693;823;233;911;616
1,54764E+12;-35765287;16051793;297439;9179857;790;200;916;623
1,54764E+12;-8905193;79080865;2867925;853507;744;184;922;635
1,54764E+12;-99537873;38570032;35440657;9325751;663;156;925;649
1,54764E+12;-49766317;41976914;24314182;11362201;608;129;928;659
1,54764E+12;-38639843;3558901;5256932;9346494;576;80;931;666
1,54764E+12;-1383348;-24562019;39486328;8914859;559;39;933;668
1,54764E+12;35032248;3042458;42093852;11649487;547;35;934;671
1,54764E+12;-5368633;12108047;28733355;13442552;540;39;934;672
1,54764E+12;-11827573;-5506514;11523536;862809;556;47;934;672
1,54764E+12;-108524576;-39360666;-19067723;11149721;572;77;934;672
1,54764E+12;-5146976;-50913;-12573352;10175884;590;116;933;672
1,54764E+12;35191074;-53361696;-32429963;9463504;618;150;933;671
1,54764E+12;6069033;18767525;10006496;8156949;655;163;930;672
1,54764E+12;-58485985;-62091833;-47548005;12077416;707;174;929;671
1,54764E+12;5169665;-9807703;-18951832;13314299;763;175;925;669
1,54764E+12;-2448086;-13768204;-18957243;11650742;812;178;918;661
1,54764E+12;-545555;8328537;-12041026;55249557;849;196;893;648
1,54764E+12;-23224747;-18984994;62961006;9505297;879;225;833;631
1,54764E+12;-23565261;-21141;15212638;627368;897;255;636;614
1,54764E+12;-21116564;19778071;44208317;38726978;909;284;130;568
1,54764E+12;-5544632;66835636;5442373;72496142;915;331;14;501
1,54764E+12;-7049507;8360476;51240425;9859543;916;373;0;437
1,54764E+12;-606364;21055652;513043;83666525;913;399;0;384
1,54764E+12;-51219654;-21048671;36266022;65864778;911;411;1;330
1,54764E+12;-31614022;-16323366;23681848;3557123;911;416;23;281
1,54764E+12;-21313612;-93977255;26636343;5665428;912;426;85;247
1,54764E+12;-17422225;-13842729;10655934;25314088;912;432;268;181
1,54764E+12;-9325643;-18442022;-8954761;52469697;913;437;481;118
1,54764E+12;-951187;-12692907;-5223247;16132132;913;445;576;113
1,54764E+12;-3080506;-20954597;-8055218;29093287;909;455;567;159
1,54764E+12;32690015;-26213973;-5276479;-72267544;903;457;443;258
1,54764E+12;9539795;-15940092;-9439264;9922721;899;451;559;384
1,54764E+12;-43696064;13550736;-8076511;-7412257;892;446;631;448
1,54764E+12;3466224;11740656;-22949684;-13288969;867;438;707;526
1,54764E+12;10641797;24607048;-26574733;15725596;828;399;760;611
1,54764E+12;30247254;57142777;-31796932;3321936;761;335;823;651
1,54764E+12;5242393;8363652;-697451;88262825;676;283;841;665
1,54764E+12;47026153;57744217;28946286;8236667;668;254;846;671
1,54764E+12;58992825;71265283;1211974;9430635;642;255;859;675
1,54764E+12;72109327;7044027;11220198;73509173;609;253;864;677
1,54764E+12;72450013;6295577;15696968;3827189;601;255;860;679
1,54764E+12;37199423;3735092;1956706;24105303;605;250;858;680
1,54764E+12;19233528;23100479;19912984;-9152554;611;243;851;680
1,54764E+12;14277492;19459374;1681485;-12258887;623;236;841;680
1,54764E+12;9630378;74234086;11177613;-11590331;639;233;841;680
1,54764E+12;65322435;38463566;11827049;-28287974;654;238;842;680
1,54764E+12;37322122;-5559746;45128977;-18181375;669;248;841;678
1,54764E+12;3045425;42455134;31607914;-2062672;684;255;840;677
1,54764E+12;-169646;27977629;11076382;-45910635;701;257;843;673
1,54764E+12;-19741419;-3989299;16261233;-8784613;722;257;845;670
1,54764E+12;28005552;7844033;67113143;-10373214;734;256;847;664
1,54764E+12;-5157448;-8514065;1575561;-2229318;746;259;844;662
1,54764E+12;-40715042;-56182146;16234703;24944613;764;261;845;662
1,54764E+12;-460924;-547981;10554705;22410302;771;255;852;663
1,54764E+12;13766633;27815312;9064193;-21639752;742;227;862;664
1,54764E+12;19206824;16425294;745657;13848062;675;226;863;671
1,54764E+12;-44015458;7267551;7413984;20176704;599;234;864;676
1,54764E+12;-19847885;-27916542;68177795;11662731;538;252;868;678
1,54764E+12;34341097;16515527;1444609;-12595799;555;263;879;676
1,54764E+12;-15165166;21104348;7499156;4911274;652;276;888;663
1,54764E+12;-16228071;-18000104;-32429963;-5802587;751;280;895;604
1,54764E+12;-39278635;12007865;2170666;8862377;802;290;889;471
1,54764E+12;-39278635;12007865;2170666;8862377;832;325;889;471
1,54764E+12;-60091686;29024825;871792;16576974;857;377;861;328
1,54764E+12;1264875;-39176183;-33227578;27694497;862;426;861;328
1,54764E+12;-48113492;7790801;27242845;12411734;864;446;764;146
1,54764E+12;-72867495;13390166;-2295457;32430804;865;449;714;116
1,54764E+12;3620511;-5495867;-19249934;36833165;862;455;639;115
1,54764E+12;7234913;-33452725;-10924364;-22253914;863;457;596;96
1,54764E+12;-17070891;9574004;3533419;49187437;865;466;635;61
1,54764E+12;-14292152;13795432;1779974;-2819795;868;471;690;86
1,54764E+12;10253285;-22647393;19141201;16742461;864;473;680;177
1,54764E+12;14597061;-7130194;69881237;41921706;852;474;598;350
1,54764E+12;19856436;-11463323;99832835;29220178;832;476;603;428
1,54764E+12;1179703;22669208;-12691685;42075605;810;477;670;468
1,54764E+12;15054686;37265747;-7725176;-92119306;793;476;703;494
1,54764E+12;7367907;-6587047;-1023112;-8754926;784;478;722;518
1,54764E+12;-31984904;-4191757;850499;-7336121;776;476;752;539
1,54764E+12;-16423548;-4654793;23568927;-12556343;761;475;752;539
1,54764E+12;26782078;-3462384;6482153;29831752;755;474;760;559
1,54764E+12;4818156;26858872;-30300662;-54592586;755;469;764;563
1,54764E+12;31360075;-39618973;-15182619;-12015349;751;465;767;568
1,54764E+12;-27070057;-57176985;-18641862;-10655155;750;464;769;574
1,54764E+12;-14896385;-13171999;13348278;-18665005;751;464;769;578
1,54764E+12;-44282493;14295992;13454743;7269946;753;464;770;578
1,54764E+12;-19847885;48205994;-9327039;-8206366;759;466;773;578
1,54764E+12;-32997194;49801224;19041542;-7962732;761;466;775;577
1,54764E+12;60737457;26591837;10208431;-10304931;765;462;779;575
1,54764E+12;-7178539;22333233;-31520646;-11391611;768;461;784;572
